type,name,atrophy,behavior,cognitive,alertnesss,coordination,cranial_nerve,dysautonomia,EOMS,fatigue,gait,head,hyperkinesia,hyperreflexia,hypertonia,hypokinesia,hyporeflexia,hypotonia,neck,pain,seizure,sensory,skin,speech,sphincter,tremor,vision,weakness,misc
ataxia,Acute_infantile_liver_failure_cerebellar_ataxia_peripheral_sensory_motor_neuropathy_syndrome,1,0,1,0,0,0,0,2,0,1,0,0,1,1,0,1,0,0,0,0,1,0,1,0,1,2,0,0
ataxia,Adult_onset_autosomal_recessive_cerebellar_ataxia,1,0,1,0,3,1,0,5,0,0,0,0,3,0,0,0,0,0,0,1,0,0,2,0,1,1,0,0
ataxia,Ataxia_with_vitamin_E_deficiency,1,0,1,0,3,0,0,1,0,0,0,1,0,1,0,1,0,0,0,0,1,0,2,0,0,2,1,1
ataxia,Ataxia_hypogonadism_choroidal_dystrophy_syndrome,0,0,0,0,1,0,0,0,0,0,0,0,0,0,0,0,0,0,0,0,0,0,0,0,0,0,0,0
ataxia,Ataxia_oculomotor_apraxia_type_1,0,0,0,0,1,0,0,0,0,0,0,0,0,0,0,0,0,0,0,0,0,0,0,0,0,0,0,0
ataxia,Ataxia_oculomotor_apraxia_type_4,1,1,1,0,1,0,0,2,0,0,0,1,0,0,0,0,0,0,0,0,0,0,1,0,0,0,0,1
ataxia,Ataxia_pancytopenia_syndrome,0,0,0,0,1,0,0,1,0,1,0,0,1,0,0,0,0,0,0,0,0,0,1,0,0,0,0,0
ataxia,Ataxia_photosensitivity_short_stature_syndrome,0,0,1,0,1,0,0,1,0,0,0,0,0,0,0,1,0,0,0,0,0,1,0,0,0,0,0,2
ataxia,Ataxia_tapetoretinal_degeneration_syndrome,0,0,1,0,1,0,0,1,0,0,0,0,0,0,0,0,0,0,0,0,0,0,0,0,0,1,0,0
ataxia,Ataxia_telangiectasia,1,0,1,0,1,0,0,3,0,0,0,0,0,1,0,0,0,0,0,0,0,2,2,0,0,0,0,2
ataxia,Ataxia_telangiectasia_like_disorder,0,0,0,0,3,0,0,6,0,1,1,4,1,0,1,2,0,0,0,0,0,0,1,0,1,0,0,2
ataxia,Autosomal_dominant_cerebellar_ataxia,2,0,3,0,0,2,0,6,0,0,0,8,1,2,1,2,0,0,0,0,4,0,3,0,4,2,1,0
ataxia,Autosomal_dominant_cerebellar_ataxia_deafness_narcolepsy_syndrome,0,0,3,1,1,1,0,1,0,0,0,0,1,1,0,0,0,0,0,0,1,0,0,1,2,2,0,0
ataxia,Autosomal_dominant_spastic_ataxia_type_1,1,0,1,0,2,1,0,2,0,0,0,1,1,1,0,0,0,0,0,0,2,0,0,0,0,0,0,0
ataxia,Autosomal_recessive_ataxia_Beauce_type,2,1,0,0,3,1,0,5,0,0,0,1,2,1,0,1,0,0,0,0,1,0,1,1,0,0,1,1
ataxia,Autosomal_recessive_ataxia_due_to_PEX10_deficiency,0,0,1,0,2,0,0,2,0,0,0,0,1,0,0,0,0,0,0,0,0,0,1,0,0,1,0,0
ataxia,Autosomal_recessive_ataxia_due_to_ubiquinone_deficiency,0,0,1,0,0,1,0,1,0,0,0,2,2,0,0,0,0,0,0,0,0,0,0,0,0,0,1,0
ataxia,Autosomal_recessive_cerebellar_ataxia_due_to_CWF19L1_deficiency,0,0,1,0,3,0,0,2,0,2,1,1,0,0,0,0,0,0,0,0,0,0,3,0,1,0,0,1
ataxia,Autosomal_recessive_cerebellar_ataxia_due_to_STUB1_deficiency,1,0,2,0,2,1,0,7,0,1,1,0,3,1,0,0,0,0,0,0,1,1,3,0,3,1,0,2
ataxia,Autosomal_recessive_cerebellar_ataxia_with_late_onset_spasticity,1,0,1,0,1,1,0,2,0,0,0,0,1,1,0,0,0,0,0,0,2,0,0,1,1,0,0,0
ataxia,Autosomal_recessive_cerebellar_ataxia_movement_disorder_syndrome,1,0,0,0,2,0,0,4,0,1,0,1,0,0,0,0,0,0,0,0,1,0,1,0,0,0,0,0
ataxia,Autosomal_recessive_cerebellar_ataxia_psychomotor_delay_syndrome,0,0,0,0,3,0,0,3,0,1,0,0,0,0,0,0,0,0,0,0,0,0,1,0,0,0,0,0
ataxia,Autosomal_recessive_cerebellar_ataxia_pyramidal_signs_nystagmus_oculomotor_apraxia_syndrome,0,0,2,0,3,1,0,6,0,1,0,0,1,0,0,0,0,0,0,0,0,0,1,0,0,1,0,3
ataxia,Autosomal_recessive_congenital_cerebellar_ataxia_due_to_GRID2_deficiency,0,0,1,0,2,0,0,2,0,0,0,0,0,0,0,0,0,0,0,0,0,0,1,0,0,0,0,1
ataxia,Autosomal_recessive_congenital_cerebellar_ataxia_due_to_MGLUR1_deficiency,0,0,0,0,3,1,0,4,0,0,0,0,1,0,0,0,0,0,0,0,0,0,1,0,0,0,0,0
ataxia,Autosomal_recessive_spastic_ataxia_of_Charlevoix_Saguenay,1,0,0,0,2,0,0,1,0,1,0,0,0,1,0,1,0,0,0,0,1,0,1,2,1,0,2,0
ataxia,Autosomal_recessive_spastic_ataxia_with_leukoencephalopathy,0,0,1,0,2,1,0,1,0,0,0,1,1,1,0,0,0,0,0,0,0,0,0,1,0,0,0,0
ataxia,Autosomal_recessive_spastic_ataxia_optic_atrophy_dysarthria_syndrome,0,1,0,0,0,0,0,1,0,1,0,1,1,1,0,1,0,0,0,0,0,0,1,0,0,1,0,0
ataxia,Benign_paroxysmal_tonic_upgaze_of_childhood_with_ataxia,0,0,0,0,1,0,0,2,0,0,0,0,0,0,0,0,0,0,0,0,0,0,0,0,0,0,0,0
ataxia,Cataract_ataxia_deafness_syndrome,0,0,1,0,1,2,0,1,0,0,0,0,0,1,0,1,0,0,0,0,0,0,0,0,0,1,0,1
ataxia,Cerebellar_ataxia_Cayman_type,0,0,0,0,1,0,0,1,0,1,0,0,0,0,0,0,0,0,0,0,0,0,1,0,1,0,0,1
ataxia,Cerebellar_ataxia_with_neuropathy_and_bilateral_vestibular_areflexia_syndrome,0,0,0,0,2,2,0,0,0,0,0,0,0,0,0,1,0,0,0,0,0,0,1,0,1,1,1,0
ataxia,Cerebellar_ataxia_areflexia_pes_cavus_optic_atrophy_sensorineural_hearing_loss_syndrome,0,1,1,0,1,1,0,1,0,0,0,1,0,0,0,1,0,0,0,0,0,0,0,0,0,1,1,0
ataxia,Cerebellar_ataxia_ectodermal_dysplasia_syndrome,0,0,0,0,1,0,0,0,0,0,2,0,0,0,0,0,0,0,0,0,0,1,1,0,0,0,0,0
ataxia,Cerebellar_ataxia_hypogonadism_syndrome,0,1,1,0,1,0,0,1,0,0,1,0,0,0,0,0,0,0,0,0,0,0,1,0,0,1,0,2
ataxia,Congenital_cerebellar_ataxia_due_to_RNU12_mutation,0,0,0,0,1,0,0,1,0,2,0,0,0,0,0,0,0,0,0,0,0,0,1,0,1,0,0,1
ataxia,Early_onset_cerebellar_ataxia_with_retained_tendon_reflexes,1,0,1,0,0,0,0,2,0,0,0,0,2,1,0,1,0,0,0,0,0,0,1,0,0,1,1,0
ataxia,Early_onset_spastic_ataxia_myoclonic_epilepsy_neuropathy_syndrome,1,0,1,0,3,1,0,1,0,0,0,2,0,1,0,0,0,0,0,0,0,0,0,0,0,0,2,0
ataxia,Episodic_ataxia_type_1,0,0,0,0,2,1,1,1,0,1,1,1,0,1,0,0,0,0,1,0,0,0,1,0,0,1,0,3
ataxia,Episodic_ataxia_type_3,0,0,0,0,1,2,0,1,0,0,0,0,0,0,0,0,0,0,2,0,0,0,0,0,0,0,0,0
ataxia,Episodic_ataxia_type_4,0,0,0,0,1,1,0,3,0,1,0,0,0,0,0,0,0,0,0,0,0,0,0,0,0,0,0,1
ataxia,Episodic_ataxia_type_5,0,0,0,0,2,1,0,1,0,0,0,0,0,0,0,0,0,0,0,0,0,0,1,0,0,0,0,0
ataxia,Episodic_ataxia_type_6,0,0,0,0,1,2,0,2,0,0,0,0,0,0,0,0,0,0,2,0,0,0,1,0,0,2,0,1
ataxia,Episodic_ataxia_type_7,0,0,1,0,1,2,0,2,0,0,0,0,0,0,0,0,0,0,1,0,0,0,1,0,0,0,1,0
ataxia,Episodic_ataxia_with_slurred_speech,0,0,0,0,0,0,0,2,0,0,0,0,0,0,0,0,0,0,1,0,0,0,2,0,0,0,1,0
ataxia,Familial_paroxysmal_ataxia,0,0,0,0,1,2,0,2,0,0,0,2,0,0,0,0,0,0,1,0,0,0,1,0,0,0,0,1
ataxia,Fragile_X_associated_tremor/ataxia_syndrome,0,3,2,0,2,0,0,0,0,0,0,0,0,1,1,1,0,0,1,0,0,0,1,3,1,0,1,3
ataxia,Friedreich_ataxia,0,0,0,0,3,2,0,2,0,3,0,2,0,1,0,1,0,0,0,0,1,0,2,1,1,2,1,0
ataxia,Infantile_onset_autosomal_recessive_nonprogressive_cerebellar_ataxia,0,0,0,0,2,0,0,0,0,1,0,0,1,1,0,0,0,0,0,0,0,0,1,0,1,0,0,2
ataxia,Lethal_ataxia_with_deafness_and_optic_atrophy,0,0,2,0,1,2,0,1,0,0,0,0,0,0,0,1,1,0,0,0,0,0,1,0,0,3,2,1
ataxia,Muscular_atrophy_ataxia_retinitis_pigmentosa_diabetes_mellitus_syndrome,0,0,0,0,1,0,0,0,0,0,0,0,0,0,0,0,0,0,0,0,0,0,0,0,0,0,0,1
ataxia,Myoclonus_cerebellar_ataxia_deafness_syndrome,1,0,0,0,0,1,0,0,0,0,0,1,0,0,0,1,0,0,0,0,0,0,1,0,1,0,0,0
ataxia,Optic_atrophy_ataxia_peripheral_neuropathy_global_developmental_delay_syndrome,0,0,0,0,1,0,0,1,0,0,0,0,0,2,0,0,0,0,0,0,0,0,1,0,0,5,0,2
ataxia,Posterior_column_ataxia_retinitis_pigmentosa_syndrome,0,0,0,0,1,0,1,0,0,0,0,0,0,0,0,1,0,0,1,0,3,0,0,1,1,3,0,1
ataxia,Recessive_mitochondrial_ataxia_syndrome,0,0,1,0,3,0,0,1,0,0,0,0,0,0,0,1,0,0,1,0,2,0,1,0,0,0,0,1
ataxia,Spastic_ataxia_with_congenital_miosis,0,0,0,0,2,0,0,1,0,0,0,0,1,0,0,0,0,0,0,0,0,0,1,0,0,1,0,0
ataxia,Spastic_ataxia_corneal_dystrophy_syndrome,0,0,0,0,2,0,0,0,0,0,0,0,0,0,0,0,0,0,0,0,0,0,0,0,0,2,0,0
ataxia,Spectrin_associated_autosomal_recessive_cerebellar_ataxia,0,0,1,0,3,0,0,6,0,0,0,0,1,1,0,0,0,0,0,0,0,0,2,0,1,0,0,0
ataxia,Sporadic_adult_onset_ataxia_of_unknown_etiology,0,0,2,0,2,1,0,3,0,1,0,0,1,2,2,0,0,0,0,0,1,0,1,1,2,1,0,0
ataxia,Tremor_ataxia_central_hypomyelination_syndrome,0,0,1,0,3,0,0,3,0,0,0,1,1,1,0,0,0,0,0,0,3,0,0,0,2,3,0,1
ataxia,X_linked_non_progressive_cerebellar_ataxia,0,0,0,0,2,0,0,2,0,2,0,0,0,0,0,0,0,0,0,0,0,0,0,0,2,0,0,1
ataxia,X_linked_progressive_cerebellar_ataxia,1,0,0,0,4,0,0,2,0,2,0,0,2,0,0,1,0,0,0,0,0,0,0,0,1,0,1,0
ataxia,Autosomal_recessive_spinocerebellar_ataxia_blindness_deafness_syndrome,1,0,0,0,0,1,0,2,0,0,0,0,0,0,0,0,0,0,0,0,2,0,0,0,1,2,0,0
ataxia,Childhood_onset_autosomal_recessive_slowly_progressive_spinocerebellar_ataxia,0,0,0,0,3,0,0,5,0,1,0,0,1,0,0,0,0,0,0,0,1,0,2,0,1,0,0,0
ataxia,Infantile_onset_spinocerebellar_ataxia,0,0,0,0,1,1,0,1,0,0,0,0,0,0,0,1,0,0,0,0,0,0,0,0,0,1,0,0
ataxia,Spinocerebellar_ataxia_type_1,2,1,2,0,2,0,0,6,0,1,1,2,1,0,1,1,0,0,0,0,1,0,2,0,1,1,0,1
ataxia,Spinocerebellar_ataxia_type_10,0,2,0,1,2,0,0,3,0,2,0,1,1,0,0,1,0,0,0,4,0,0,2,1,2,0,0,1
ataxia,Spinocerebellar_ataxia_type_11,0,0,0,0,0,0,0,3,0,1,0,1,0,0,0,0,0,0,0,0,0,0,1,0,0,0,0,0
ataxia,Spinocerebellar_ataxia_type_12,0,0,2,0,3,0,0,0,0,1,0,0,1,0,1,0,0,0,0,0,0,0,0,0,4,0,0,0
ataxia,Spinocerebellar_ataxia_type_13,0,0,1,0,2,1,0,3,0,0,1,2,2,0,0,0,0,0,0,0,1,0,1,2,1,2,0,2
ataxia,Spinocerebellar_ataxia_type_14,0,0,1,0,1,0,0,2,0,0,0,1,0,1,0,1,0,0,0,0,0,0,1,0,0,0,0,1
ataxia,Spinocerebellar_ataxia_type_15/16,0,0,0,0,1,0,0,0,0,0,0,0,1,0,0,0,0,0,0,0,0,0,0,0,4,0,0,0
ataxia,Spinocerebellar_ataxia_type_17,0,0,1,0,1,0,0,0,0,0,0,3,0,2,1,0,0,0,0,0,0,0,0,0,0,0,0,0
ataxia,Spinocerebellar_ataxia_type_18,1,0,0,0,1,1,0,1,0,0,0,0,1,0,0,2,0,0,0,0,0,0,1,0,2,0,1,0
ataxia,Spinocerebellar_ataxia_type_19/22,0,0,0,0,4,0,0,4,0,1,0,0,1,1,0,1,0,0,0,0,0,0,2,1,0,0,0,0
ataxia,Spinocerebellar_ataxia_type_2,1,0,1,0,0,0,0,4,0,0,0,2,1,0,1,1,0,0,0,0,0,0,1,0,2,0,0,1
ataxia,Spinocerebellar_ataxia_type_20,0,0,0,0,1,1,0,3,0,0,0,1,1,0,0,0,0,0,0,0,0,0,2,0,5,0,0,0
ataxia,Spinocerebellar_ataxia_type_21,0,0,1,0,0,0,0,3,0,0,0,0,0,1,0,0,0,0,0,0,0,0,2,0,0,0,0,0
ataxia,Spinocerebellar_ataxia_type_23,0,0,0,0,2,0,0,1,0,0,0,0,1,0,0,0,0,0,0,0,2,0,1,0,0,0,0,0
ataxia,Spinocerebellar_ataxia_type_25,0,0,0,0,0,0,0,2,0,0,0,1,0,0,0,1,0,0,1,0,3,0,0,1,0,1,0,1
ataxia,Spinocerebellar_ataxia_type_26,1,0,0,0,2,0,0,3,0,0,0,0,1,0,0,0,0,0,0,0,0,0,1,0,0,0,1,0
ataxia,Spinocerebellar_ataxia_type_27,0,1,2,0,2,0,0,2,0,0,0,0,0,0,0,0,0,0,0,0,0,0,2,0,1,1,0,0
ataxia,Spinocerebellar_ataxia_type_28,0,0,2,0,1,1,0,3,0,0,0,2,1,2,1,0,0,0,0,0,0,0,1,0,2,0,0,0
ataxia,Spinocerebellar_ataxia_type_29,0,0,1,0,3,0,0,4,0,0,0,0,0,0,0,0,0,0,0,0,0,0,1,0,1,0,0,1
ataxia,Spinocerebellar_ataxia_type_3,1,0,0,0,1,1,0,3,0,0,0,1,1,0,0,0,0,0,0,0,0,0,1,0,0,1,0,0
ataxia,Spinocerebellar_ataxia_type_30,0,0,0,0,1,0,0,1,0,0,0,0,1,0,0,0,0,0,0,0,0,0,1,0,0,0,0,0
ataxia,Spinocerebellar_ataxia_type_31,0,0,0,0,0,1,0,1,0,0,0,0,2,1,0,1,0,0,0,0,1,0,1,0,0,0,0,0
ataxia,Spinocerebellar_ataxia_type_32,0,0,1,0,0,0,0,0,0,0,0,0,0,0,0,0,0,0,0,0,0,0,0,0,0,0,0,1
ataxia,Spinocerebellar_ataxia_type_34,0,0,0,0,1,0,1,2,0,0,1,0,0,0,0,1,0,0,0,0,0,1,2,0,0,0,0,0
ataxia,Spinocerebellar_ataxia_type_35,0,0,1,0,2,0,0,3,0,0,0,1,1,0,0,0,0,0,0,0,0,0,1,0,1,0,1,0
ataxia,Spinocerebellar_ataxia_type_36,2,1,0,0,4,3,0,2,0,0,0,1,1,0,0,0,0,0,1,0,0,0,1,1,3,1,0,0
ataxia,Spinocerebellar_ataxia_type_37,0,0,0,0,3,1,0,2,0,1,0,1,0,1,0,0,0,0,0,0,0,0,2,0,0,0,0,0
ataxia,Spinocerebellar_ataxia_type_38,0,0,0,0,0,0,0,2,0,0,0,0,0,0,0,0,0,0,0,0,0,0,1,0,0,0,1,0
ataxia,Spinocerebellar_ataxia_type_4,0,0,1,0,1,0,0,0,0,0,0,0,0,0,0,2,0,0,0,0,2,0,1,0,0,0,0,0
ataxia,Spinocerebellar_ataxia_type_40,0,0,0,0,2,0,0,1,0,2,0,0,1,0,0,0,0,0,0,0,0,0,3,0,1,0,0,0
ataxia,Spinocerebellar_ataxia_type_41,0,0,0,0,0,0,0,0,0,0,0,0,0,0,0,0,0,0,0,0,0,0,0,0,0,0,0,0
ataxia,Spinocerebellar_ataxia_type_42,0,0,0,0,0,1,0,6,0,1,0,0,0,0,0,0,0,0,0,0,0,0,1,3,3,0,0,0
ataxia,Spinocerebellar_ataxia_type_43,1,0,1,0,1,0,0,1,0,1,0,0,0,1,0,2,0,0,0,0,1,0,1,0,0,0,1,0
ataxia,Spinocerebellar_ataxia_type_5,0,0,0,0,0,0,0,0,0,0,0,0,0,0,0,0,0,0,0,0,0,0,1,0,0,0,0,0
ataxia,Spinocerebellar_ataxia_type_6,0,1,0,0,0,0,0,4,0,1,0,1,1,0,0,0,0,0,0,0,0,0,1,0,1,2,0,0
ataxia,Spinocerebellar_degeneration_corneal_dystrophy_syndrome,0,0,1,0,1,0,0,0,0,0,0,0,0,0,0,0,0,0,0,0,0,0,0,0,0,2,0,0
ataxia,Spinocerebellar_ataxia_type_7,0,1,1,1,3,0,0,3,0,0,0,1,1,0,0,0,0,0,0,0,0,0,1,0,0,6,1,4
ataxia,Spinocerebellar_ataxia_type_8,0,0,0,0,2,0,0,2,0,1,0,2,1,2,0,0,0,0,0,0,1,0,0,2,0,0,0,0
ataxia,Spinocerebellar_ataxia_with_axonal_neuropathy_type_1,1,0,0,0,1,0,0,1,0,1,0,0,0,0,0,1,0,0,0,0,2,0,0,0,0,0,0,0
ataxia,Spinocerebellar_ataxia_with_axonal_neuropathy_type_2,0,0,0,0,1,0,0,4,0,1,0,2,0,0,0,1,0,0,0,0,0,0,0,1,2,0,0,0
ataxia,Spinocerebellar_ataxia_dysmorphism_syndrome,0,0,0,0,0,1,0,1,0,0,3,0,0,0,0,0,0,0,0,0,0,1,0,0,0,2,0,2
ataxia,X_linked_sideroblastic_anemia_and_spinocerebellar_ataxia,0,0,0,0,1,0,0,2,0,0,0,0,1,0,0,0,0,0,0,0,0,0,1,0,0,0,0,1
ataxia,X_linked_spinocerebellar_ataxia_type_3,0,0,0,0,1,1,0,1,0,0,0,0,0,0,0,0,0,0,0,0,0,0,0,0,0,1,0,0
ataxia,X_linked_spinocerebellar_ataxia_type_4,0,0,2,0,0,0,0,0,0,0,0,0,0,0,0,0,0,0,0,0,0,0,0,0,1,0,0,0
CMT,Autosomal_dominant_Charcot_Marie_Tooth_disease_type_2A2,1,0,0,1,1,1,0,0,0,3,0,0,0,0,0,3,0,0,2,0,3,0,2,0,2,2,4,1
CMT,Autosomal_dominant_Charcot_Marie_Tooth_disease_type_2E,1,0,0,0,0,0,0,0,0,2,0,0,0,0,0,2,0,0,0,0,0,0,0,0,0,0,4,0
CMT,Autosomal_dominant_Charcot_Marie_Tooth_disease_type_2F,1,0,0,0,0,0,0,0,0,1,0,0,0,0,0,1,0,0,0,0,0,0,0,0,0,0,1,0
CMT,Autosomal_dominant_Charcot_Marie_Tooth_disease_type_2K,1,0,0,0,0,0,0,0,0,0,0,0,0,0,0,0,0,0,0,0,1,0,0,0,0,0,2,1
CMT,Autosomal_dominant_Charcot_Marie_Tooth_disease_type_2W,1,0,0,0,0,0,0,0,0,2,0,0,1,0,0,1,0,0,0,0,2,0,0,0,0,0,1,0
CMT,Autosomal_dominant_Charcot_Marie_Tooth_disease_type_2Y,1,0,1,0,1,0,0,0,0,5,0,0,0,0,0,2,0,0,0,0,4,0,1,0,0,0,5,0
CMT,Autosomal_dominant_Charcot_Marie_Tooth_disease_type_2Z,7,0,0,0,0,1,0,0,0,2,1,0,0,1,0,1,0,0,0,0,1,0,2,1,1,2,9,1
CMT,Autosomal_recessive_axonal_Charcot_Marie_Tooth_disease_due_to_copper_metabolism_defect,2,0,0,0,1,2,0,1,0,2,0,0,0,0,0,1,0,0,0,0,1,0,1,0,0,0,2,0
CMT,Autosomal_recessive_Charcot_Marie_Tooth_disease_with_hoarseness,2,0,0,0,0,0,0,0,0,4,0,0,0,0,0,2,0,0,0,0,3,0,1,0,0,0,4,0
CMT,Charcot_Marie_Tooth_disease_type_1A,1,0,0,0,0,0,0,0,0,1,0,0,1,0,0,1,0,0,1,0,4,0,0,0,0,0,2,1
CMT,Charcot_Marie_Tooth_disease_type_1B,1,0,0,0,0,1,0,0,0,0,0,0,0,0,0,1,0,0,0,0,0,0,0,0,0,1,1,1
CMT,Charcot_Marie_Tooth_disease_type_1E,2,0,0,0,0,3,0,0,0,3,0,0,0,0,0,3,0,0,0,0,4,0,0,0,0,4,3,0
CMT,Charcot_Marie_Tooth_disease_type_1F,4,0,1,1,1,1,0,0,0,3,0,0,0,0,0,1,0,0,0,0,4,0,1,1,2,0,5,0
CMT,Charcot_Marie_Tooth_disease_type_2B1,6,0,0,0,0,0,0,0,0,2,0,0,0,0,0,1,0,0,0,0,1,0,0,0,0,0,4,0
CMT,Charcot_Marie_Tooth_disease_type_4A,1,0,0,0,2,0,0,0,0,3,0,0,0,0,0,3,0,0,0,0,4,0,1,0,0,0,4,2
CMT,Charcot_Marie_Tooth_disease_type_4B2,0,1,0,0,1,2,0,0,0,2,0,0,0,0,0,1,0,0,0,0,2,0,1,0,0,3,4,0
CMT,Charcot_Marie_Tooth_disease_type_4C,1,0,0,0,0,1,0,1,0,2,0,0,0,0,0,1,0,0,2,0,3,0,1,0,1,5,3,2
CMT,Charcot_Marie_Tooth_disease_type_4D,1,0,0,0,0,1,0,0,0,2,0,0,0,0,0,0,0,0,0,0,1,0,0,0,1,0,2,0
CMT,Charcot_Marie_Tooth_disease_type_4G,2,0,0,0,0,0,0,0,0,2,0,0,0,0,0,1,0,0,0,0,2,0,0,0,0,0,1,0
CMT,X_linked_Charcot_Marie_Tooth_disease_type_1,1,0,0,1,1,1,0,0,0,0,0,0,0,0,0,1,0,0,0,0,1,0,2,0,0,0,0,0
CMT,X_linked_Charcot_Marie_Tooth_disease_type_2,3,0,0,0,0,1,0,0,0,1,0,0,2,0,0,2,0,0,0,0,1,0,0,0,1,3,3,0
CMT,X_linked_Charcot_Marie_Tooth_disease_type_3,3,0,0,0,0,0,0,0,0,1,0,0,0,0,0,2,0,0,0,0,0,0,0,0,0,0,4,1
CMT,X_linked_Charcot_Marie_Tooth_disease_type_4,1,0,0,1,1,1,0,0,0,0,0,0,0,0,0,1,0,0,0,0,1,0,0,0,0,0,1,0
CMT,X_linked_Charcot_Marie_Tooth_disease_type_5,0,0,0,1,1,1,0,0,0,0,0,0,0,0,0,1,0,0,0,0,1,0,2,0,0,1,1,1
CMT,X_linked_Charcot_Marie_Tooth_disease_type_6,2,0,0,0,0,1,0,0,0,1,0,0,0,0,0,1,0,0,0,0,2,0,0,0,1,0,1,0
dystonia,Adult_onset_cervical_dystonia_DYT23_type,0,1,0,0,0,0,0,0,0,1,0,5,0,0,0,0,0,0,0,0,0,0,1,0,2,0,0,2
dystonia,Autosomal_dominant_dopa_responsive_dystonia,0,2,0,1,1,1,0,1,0,0,0,4,2,1,1,0,0,0,0,0,1,0,0,0,1,0,0,2
dystonia,Autosomal_dominant_focal_dystonia_DYT25_type,0,0,0,0,0,0,0,0,0,0,0,7,0,0,0,0,0,0,0,0,0,0,0,0,0,0,0,0
dystonia,Autosomal_recessive_dopa_responsive_dystonia,0,1,1,1,1,1,0,0,0,0,0,5,2,1,1,0,0,0,0,0,0,0,0,0,1,0,0,4
dystonia,Cirrhosis_dystonia_polycythemia_hypermanganesemia_syndrome,0,0,0,0,3,0,0,0,0,0,0,1,0,2,1,0,0,0,0,0,0,0,1,0,1,0,0,0
dystonia,Cranio_cervical_dystonia_with_laryngeal_and_upper_limb_involvement,0,0,0,0,0,0,0,0,0,0,0,4,0,0,0,0,0,0,0,0,0,0,0,0,3,0,0,0
dystonia,Developmental_malformations_deafness_dystonia_syndrome,0,0,1,0,0,1,0,0,0,0,1,1,0,0,0,0,0,0,0,0,0,0,0,0,0,3,0,1
dystonia,Dopa_responsive_dystonia,0,7,0,2,1,0,1,0,1,1,0,5,0,1,1,0,0,0,0,0,0,0,2,1,0,0,1,3
dystonia,Dopa_responsive_dystonia_due_to_sepiapterin_reductase_deficiency,0,0,1,2,0,1,1,0,0,0,0,2,1,2,1,0,0,0,0,0,0,0,0,0,0,0,1,3
dystonia,Dystonia_aphonia_syndrome,0,1,1,0,0,0,0,1,0,1,0,3,0,0,0,0,0,0,0,0,0,0,3,0,0,0,0,0
dystonia,Early_onset_generalized_limb_onset_dystonia,0,0,0,0,0,0,0,0,0,0,0,0,0,1,0,0,0,0,0,0,0,0,1,0,0,0,0,0
dystonia,Hemidystonia_hemiatrophy_syndrome,0,0,0,0,0,0,0,0,0,0,1,2,0,0,0,0,0,0,0,0,0,0,0,0,0,0,0,0
dystonia,Paroxysmal_dystonic_choreathetosis_with_episodic_ataxia_and_spasticity,0,0,0,0,1,0,0,1,0,0,0,3,1,0,0,0,0,0,1,0,1,0,1,0,0,0,0,0
dystonia,Myoclonus_dystonia_syndrome,0,4,0,0,0,0,0,0,0,0,0,5,0,0,0,0,0,0,0,0,0,0,0,0,0,0,0,0
dystonia,Oromandibular_dystonia,0,0,0,1,0,0,0,0,0,0,0,7,0,0,0,0,0,0,0,0,0,0,2,0,0,0,0,1
dystonia,Primary_dystonia_DYT13_type,0,0,0,0,0,0,0,0,0,0,0,8,0,0,0,0,0,0,0,0,0,0,1,0,2,0,0,0
dystonia,Primary_dystonia_DYT17_type,0,0,0,0,0,0,0,0,0,0,0,3,0,0,1,0,0,0,0,0,0,0,2,0,0,0,0,0
dystonia,Primary_dystonia_DYT2_type,0,0,0,0,0,0,0,0,0,0,0,4,0,0,0,0,0,0,0,0,0,0,1,0,0,0,0,1
dystonia,Primary_dystonia_DYT21_type,0,0,0,0,0,0,0,0,0,0,0,8,0,0,0,0,0,0,0,0,0,0,0,0,0,0,0,0
dystonia,Primary_dystonia_DYT27_type,0,0,0,0,0,0,0,0,0,0,0,5,0,0,0,0,0,0,0,0,0,0,0,0,2,0,0,0
dystonia,Primary_dystonia_DYT4_type,0,0,1,0,1,0,0,0,0,0,1,3,0,0,0,0,0,0,0,0,0,0,1,0,1,0,0,1
dystonia,Primary_dystonia_DYT6_type,0,0,0,0,0,0,0,0,0,0,0,7,0,0,0,0,0,0,0,0,0,0,1,0,0,0,0,0
dystonia,Progressive_myoclonic_epilepsy_with_dystonia,0,0,0,0,0,0,0,0,0,0,0,2,0,0,0,0,0,0,0,1,0,0,0,0,0,2,0,2
dystonia,Rolandic_epilepsy_paroxysmal_exercise_induced_dystonia_writer's_cramp_syndrome,0,0,0,0,0,0,0,1,0,0,0,1,0,0,0,0,0,0,0,0,0,0,0,0,0,0,0,0
dystonia,Severe_motor_and_intellectual_disabilities_sensorineural_deafness_dystonia_syndrome,0,2,0,0,0,1,0,1,0,0,1,0,0,0,0,0,0,0,0,0,0,0,0,0,0,1,0,2
intellectual_disability,AHDC1_related_intellectual_disability_obstructive_sleep_apnea_mild_dysmorphism_syndrome,0,1,0,0,1,1,0,3,0,0,2,0,0,0,0,0,0,0,0,0,0,0,0,0,0,4,0,2
intellectual_disability,Alopecia_contractures_dwarfism_intellectual_disability_syndrome,0,0,1,0,0,0,1,0,0,0,2,0,0,0,0,0,0,0,0,0,0,1,0,0,0,2,0,4
intellectual_disability,Alopecia_epilepsy_pyorrhea_intellectual_disability_syndrome,0,0,2,0,0,1,0,0,0,0,0,0,0,0,0,0,0,0,0,0,0,1,0,0,0,0,0,0
intellectual_disability,Alopecia_intellectual_disability_syndrome,0,0,0,0,0,1,0,0,0,0,0,0,0,0,0,0,0,0,0,0,0,1,0,0,0,1,0,2
intellectual_disability,Alopecia_intellectual_disability_hypergonadotropic_hypogonadism_syndrome,0,0,1,0,0,0,0,0,0,0,0,0,0,0,0,0,0,0,0,0,0,1,0,0,0,0,0,0
intellectual_disability,Alpha_thalassemia_intellectual_disability_syndrome_linked_to_chromosome_16,0,0,0,0,0,0,0,0,0,0,5,0,0,0,0,0,0,0,0,0,0,0,1,0,0,1,0,2
intellectual_disability,Alpha_thalassemia_X_linked_intellectual_disability_syndrome,0,2,0,0,0,1,0,0,0,0,3,0,0,0,0,0,0,0,0,0,0,0,1,0,0,4,0,4
intellectual_disability,Alport_syndrome_intellectual_disability_midface_hypoplasia_elliptocytosis_syndrome,0,0,1,0,0,1,0,1,0,0,1,0,0,0,0,0,0,0,0,0,0,0,0,0,0,1,0,0
intellectual_disability,Aniridia_intellectual_disability_syndrome,0,0,1,0,0,0,0,0,0,0,0,0,0,0,0,0,0,0,0,0,0,0,0,0,0,2,0,0
intellectual_disability,Aniridia_ptosis_intellectual_disability_familial_obesity_syndrome,0,0,0,0,0,1,0,0,0,0,0,0,0,0,0,0,0,0,0,0,0,2,0,0,0,5,0,0
intellectual_disability,ANK3_related_intellectual_disability_sleep_disturbance_syndrome,0,3,2,2,0,0,0,0,0,0,1,0,0,1,0,0,0,0,0,0,0,0,0,0,0,0,0,1
intellectual_disability,Aortic_arch_anomaly_facial_dysmorphism_intellectual_disability_syndrome,0,0,0,0,0,0,0,0,0,0,3,0,0,0,0,0,0,0,0,0,0,0,0,0,0,0,0,1
intellectual_disability,Aphonia_deafness_retinal_dystrophy_bifid_halluces_intellectual_disability_syndrome,0,0,1,0,0,2,0,1,0,0,1,0,0,0,0,0,0,0,0,0,0,0,1,0,0,1,0,2
intellectual_disability,Arachnodactyly_abnormal_ossification_intellectual_disability_syndrome,0,0,0,0,0,0,0,0,0,0,4,0,0,0,0,0,0,0,0,0,0,0,0,0,0,0,0,2
intellectual_disability,Autosomal_dominant_intellectual_disability_craniofacial_anomalies_cardiac_defects_syndrome,0,0,1,0,0,1,0,1,0,0,5,1,0,0,0,0,0,0,0,0,0,0,1,0,0,2,0,4
intellectual_disability,Autosomal_dominant_non_syndromic_intellectual_disability,0,2,4,1,0,0,0,0,0,0,1,6,0,1,0,0,0,0,0,7,0,0,1,0,0,1,0,4
intellectual_disability,Autosomal_recessive_non_syndromic_intellectual_disability,0,4,3,1,0,0,0,0,0,0,1,4,0,1,0,0,0,0,0,2,0,0,1,0,0,1,0,2
intellectual_disability,Blepharophimosis_intellectual_disability_syndrome_MKB_type,0,0,0,0,0,0,0,0,0,0,2,0,0,0,0,0,0,0,0,0,0,0,0,0,0,0,0,1
intellectual_disability,Blepharophimosis_intellectual_disability_syndrome_Ohdo_type,0,0,1,0,0,2,0,0,0,0,0,0,0,0,0,0,0,0,0,0,0,0,0,0,0,1,0,3
intellectual_disability,Blepharophimosis_intellectual_disability_syndrome_SBBYS_type,0,0,0,0,0,0,0,0,0,0,3,0,0,0,0,0,0,0,0,0,0,0,0,0,0,0,0,4
intellectual_disability,Blepharophimosis_intellectual_disability_syndrome_Verloes_type,0,0,1,0,0,0,0,0,0,0,2,0,0,0,0,0,0,0,0,0,0,0,0,0,0,0,0,1
intellectual_disability,Brachydactyly_mesomelia_intellectual_disability_heart_defects_syndrome,0,0,1,0,0,0,0,0,0,0,0,0,0,0,0,0,0,0,0,0,0,0,0,0,0,0,0,0
intellectual_disability,Brain_malformations_musculoskeletal_abnormalities_facial_dysmorphism_intellectual_disability_syndrome,0,2,1,0,0,1,1,4,0,0,9,0,0,1,0,0,0,0,0,1,0,1,0,0,0,6,0,7
intellectual_disability,Cataract_hypertrichosis_intellectual_disability_syndrome,0,0,0,0,0,0,0,0,0,0,0,0,0,0,0,0,0,1,0,0,0,0,0,0,0,0,0,0
intellectual_disability,Cataract_intellectual_disability_anal_atresia_urinary_defects_syndrome,0,0,0,0,0,0,0,2,0,0,0,0,0,0,0,0,0,0,0,0,0,0,0,0,0,1,0,0
intellectual_disability,Cataract_intellectual_disability_hypogonadism_syndrome,0,0,0,0,0,0,0,0,0,0,2,0,0,0,0,0,0,1,0,0,0,0,0,0,0,2,0,2
intellectual_disability,Charcot_Marie_Tooth_disease_deafness_intellectual_disability_syndrome,4,0,1,0,0,1,0,0,0,0,0,0,0,0,0,2,0,0,0,0,1,0,1,0,0,0,1,1
intellectual_disability,CLCN4_related_X_linked_intellectual_disability_syndrome,0,7,2,0,0,0,0,1,0,1,3,2,0,0,0,0,0,0,0,3,0,0,0,0,0,1,0,2
intellectual_disability,Colobomatous_microphthalmia_obesity_hypogenitalism_intellectual_disability_syndrome,0,0,0,0,0,0,0,1,0,0,0,0,0,0,0,0,0,0,0,0,0,0,0,0,0,1,0,1
intellectual_disability,Congenital_insensitivity_to_pain_with_severe_intellectual_disability,0,1,0,0,0,0,0,2,0,0,2,0,0,0,0,0,0,0,0,0,0,0,0,0,0,2,0,3
intellectual_disability,Congenital_muscular_dystrophy_with_intellectual_disability,0,0,1,0,1,0,0,1,1,1,0,0,0,0,0,1,0,0,0,0,0,0,1,0,0,2,2,4
intellectual_disability,Congenital_muscular_dystrophy_with_intellectual_disability_and_severe_epilepsy,0,0,0,0,0,0,0,2,0,0,3,0,0,0,0,0,0,0,0,0,0,0,0,0,0,2,1,4
intellectual_disability,Congenital_muscular_dystrophy_without_intellectual_disability,2,0,0,0,0,1,0,0,0,2,0,0,0,0,0,0,0,0,1,0,0,0,0,0,0,0,1,2
intellectual_disability,Corpus_callosum_agenesis_intellectual_disability_coloboma_micrognathia_syndrome,0,0,0,0,0,2,0,1,0,0,2,0,0,0,0,0,0,0,0,0,0,0,0,0,0,1,0,1
intellectual_disability,Cortical_blindness_intellectual_disability_polydactyly_syndrome,0,0,0,0,0,0,0,0,0,0,1,0,1,1,0,0,0,0,0,0,0,0,0,0,0,1,0,2
intellectual_disability,Craniodigital_intellectual_disability_syndrome,0,0,0,0,0,0,0,0,0,0,1,0,0,0,0,0,0,0,0,0,0,2,0,0,0,0,0,1
intellectual_disability,Craniofacial_dysplasia_short_stature_ectodermal_anomalies_intellectual_disability_syndrome,0,2,0,0,0,1,0,0,0,0,7,0,0,0,0,0,0,0,0,0,0,0,0,1,0,1,0,2
intellectual_disability,Cryptorchidism_arachnodactyly_intellectual_disability_syndrome,0,0,0,0,0,0,0,1,0,0,1,0,0,0,0,0,0,0,0,0,0,0,1,0,0,0,0,0
intellectual_disability,Deafness_intellectual_disability_syndrome_Martin_Probst_type,0,0,2,0,0,1,0,0,0,0,1,0,0,0,0,0,0,0,0,0,0,0,0,0,0,2,0,1
intellectual_disability,Dentinogenesis_imperfecta_short_stature_hearing_loss_intellectual_disability_syndrome,0,0,1,0,0,1,0,0,0,0,1,0,0,0,0,0,0,0,0,0,0,0,0,0,0,0,0,1
intellectual_disability,Disorder_of_sex_development_intellectual_disability_syndrome,0,0,0,0,0,1,0,0,0,0,1,0,0,0,0,0,0,1,0,0,0,1,0,0,0,1,0,0
intellectual_disability,DYRK1A_related_intellectual_disability_syndrome,0,3,1,0,0,0,0,2,0,0,3,1,0,0,0,0,0,0,0,0,0,0,1,0,0,8,0,8
intellectual_disability,DYRK1A_related_intellectual_disability_syndrome_due_to_21q22.13q22.2_microdeletion,0,3,1,1,1,1,0,2,0,1,2,1,0,1,0,0,0,0,0,2,0,0,1,0,0,8,0,10
intellectual_disability,Early_onset_epilepsy_intellectual_disability_brain_anomalies_syndrome,0,1,0,1,0,0,0,0,0,1,1,0,0,0,0,1,0,0,0,0,0,0,0,0,0,2,0,3
intellectual_disability,Early_onset_epileptic_encephalopathy_and_intellectual_disability_due_to_GRIN2A_mutation,0,0,2,0,0,0,0,1,0,0,1,2,0,1,0,1,0,0,0,0,0,0,0,0,0,0,1,4
intellectual_disability,Early_onset_epileptic_encephalopathy_cortical_blindness_intellectual_disability_facial_dysmorphism_syndrome,0,1,0,0,0,0,0,0,0,1,3,2,0,0,0,0,0,0,0,3,0,0,1,0,0,1,0,0
intellectual_disability,Early_onset_parkinsonism_intellectual_disability_syndrome,0,0,0,0,0,0,0,1,0,0,2,0,0,2,0,0,0,0,0,0,0,0,1,0,0,0,0,0
intellectual_disability,Ectodermal_dysplasia_intellectual_disability_central_nervous_system_malformation_syndrome,0,0,1,0,0,0,1,0,0,0,2,0,0,0,0,0,0,0,0,0,0,2,0,0,0,2,0,1
intellectual_disability,Fallot_complex_intellectual_disability_growth_delay_syndrome,0,0,1,0,0,1,0,1,0,0,1,0,0,1,0,0,0,0,0,0,0,1,0,0,0,1,0,2
intellectual_disability,Female_restricted_epilepsy_with_intellectual_disability,0,8,4,0,0,0,0,0,0,0,0,0,0,0,0,0,0,0,0,4,0,0,0,0,0,0,0,0
intellectual_disability,FRAXE_intellectual_disability,0,6,0,0,1,0,0,0,0,0,1,2,0,0,0,0,0,0,0,0,0,0,1,0,0,0,0,2
intellectual_disability,Global_developmental_delay_neuro_ophthalmological_abnormalities_seizures_intellectual_disability_syndrome,0,0,0,0,0,0,0,3,0,1,0,0,0,1,0,0,0,0,0,1,0,0,0,0,0,1,0,5
intellectual_disability,GNB5_related_intellectual_disability_cardiac_arrhythmia_syndrome,0,1,1,0,1,0,0,1,0,0,0,0,0,0,0,0,0,0,0,0,0,0,0,0,0,0,1,4
intellectual_disability,Growth_delay_intellectual_disability_hepatopathy_syndrome,0,2,0,0,0,1,0,0,0,0,2,0,0,1,0,0,0,0,0,0,0,1,0,0,0,0,0,3
intellectual_disability,Hepatic_fibrosis_renal_cysts_intellectual_disability_syndrome,0,0,0,0,0,2,0,2,0,0,1,0,0,1,0,0,0,0,0,0,0,0,0,0,0,3,0,1
intellectual_disability,Hyperphosphatasia_intellectual_disability_syndrome,0,1,2,0,1,0,0,2,0,0,8,1,0,0,0,1,0,0,0,0,0,0,0,0,0,2,0,4
intellectual_disability,Hypo__and_hypermelanotic_cutaneous_macules_retarded_growth_intellectual_disability_syndrome,0,0,0,0,0,0,0,0,0,0,0,0,0,0,0,0,0,0,0,0,0,1,0,0,0,0,0,1
intellectual_disability,Hypogonadism_mitral_valve_prolapse_intellectual_disability_syndrome,0,0,1,0,0,0,0,0,0,0,0,0,0,0,0,0,0,1,0,0,0,0,0,0,0,0,0,3
intellectual_disability,Hypospadias_intellectual_disability_Goldblatt_type_syndrome,0,0,0,0,0,0,0,0,0,0,1,0,0,0,0,0,0,0,0,0,0,1,0,0,0,0,0,0
intellectual_disability,Hypotrichosis_intellectual_disability_Lopes_type,0,0,0,0,0,0,0,0,0,0,0,0,0,0,0,0,0,0,0,0,0,0,0,0,0,0,0,0
intellectual_disability,Ichthyosis_alopecia_eclabion_ectropion_intellectual_disability_syndrome,0,0,0,0,0,0,0,0,0,1,0,0,0,2,0,0,0,0,0,0,0,4,0,0,0,0,0,0
intellectual_disability,Ichthyosis_intellectual_disability_dwarfism_renal_impairment_syndrome,0,0,0,0,0,0,0,0,0,0,0,0,0,0,0,0,0,0,0,0,0,1,0,0,0,1,0,2
intellectual_disability,Intellectual_disability_Birk_Barel_type,1,1,0,0,0,0,0,0,2,0,2,0,0,0,1,1,0,0,0,0,0,0,1,0,0,0,0,4
intellectual_disability,Intellectual_disability_Buenos_Aires_type,0,0,0,0,0,0,0,0,0,0,3,0,0,0,0,0,0,0,0,0,0,3,1,0,0,2,0,1
intellectual_disability,Intellectual_disability_syndrome_due_to_a_DYRK1A_point_mutation,0,3,0,0,0,0,0,2,0,0,2,1,0,0,0,0,0,0,0,0,0,0,0,0,0,8,0,8
intellectual_disability,Intellectual_disability_Wolff_type,0,0,1,0,0,0,0,1,0,0,1,0,0,0,0,0,0,1,0,0,0,0,0,0,0,1,0,0
intellectual_disability,Intellectual_disability_alacrima_achalasia_syndrome,0,1,0,0,0,1,0,1,0,0,0,0,0,0,0,0,0,0,0,0,0,0,0,1,0,1,0,0
intellectual_disability,Intellectual_disability_autism_speech_apraxia_craniofacial_dysmorphism_syndrome,0,1,0,0,0,0,0,0,0,0,3,1,0,0,0,0,0,0,0,0,0,1,1,0,0,0,0,2
intellectual_disability,Intellectual_disability_balding_patella_luxation_acromicria_syndrome,1,1,1,0,1,0,0,0,0,1,5,0,0,0,0,0,0,0,0,0,0,3,0,0,1,2,0,3
intellectual_disability,Intellectual_disability_brachydactyly_Pierre_Robin_syndrome,0,0,1,0,0,1,0,1,0,0,1,0,0,0,0,0,0,0,0,0,0,1,0,0,0,2,0,2
intellectual_disability,Intellectual_disability_cardiac_anomalies_short_stature_joint_laxity_syndrome,0,1,0,1,0,2,0,2,0,0,0,1,0,0,0,0,0,0,0,0,0,0,0,0,0,6,0,4
intellectual_disability,Intellectual_disability_cataracts_kyphosis_syndrome,0,0,1,0,0,0,0,0,0,0,0,0,0,0,0,0,0,0,0,0,0,0,0,0,0,2,0,1
intellectual_disability,Intellectual_disability_coarse_face_macrocephaly_cerebellar_hypotrophy_syndrome,0,1,2,0,1,1,0,1,0,1,7,0,0,1,0,1,0,0,0,0,0,0,0,0,0,0,0,0
intellectual_disability,Intellectual_disability_craniofacial_dysmorphism_cryptorchidism_syndrome,0,3,0,0,0,1,0,0,0,1,2,0,0,0,0,0,0,0,0,0,0,0,1,0,0,2,0,4
intellectual_disability,Intellectual_disability_developmental_delay_contractures_syndrome,1,0,1,0,0,1,0,3,0,0,0,0,0,0,0,0,0,0,0,0,0,0,1,0,0,0,0,0
intellectual_disability,Intellectual_disability_dysmorphism_hypogonadism_diabetes_mellitus_syndrome,0,0,1,0,0,0,0,0,0,0,2,0,0,0,0,0,0,0,0,0,0,0,0,0,0,1,0,2
intellectual_disability,Intellectual_disability_epilepsy_extrapyramidal_syndrome,0,6,0,1,1,0,0,0,0,5,1,0,0,0,0,0,0,0,0,1,1,0,0,0,0,0,0,3
intellectual_disability,Intellectual_disability_expressive_aphasia_facial_dysmorphism_syndrome,0,1,4,0,0,0,0,0,0,0,2,0,0,0,0,0,0,0,0,0,0,1,2,0,0,0,0,0
intellectual_disability,Intellectual_disability_facial_dysmorphism_syndrome_due_to_SETD5_haploinsufficiency,0,4,0,1,0,1,0,1,0,0,2,0,0,0,0,0,0,0,0,0,0,0,0,0,0,3,0,2
intellectual_disability,Intellectual_disability_facial_dysmorphism_hand_anomalies_syndrome,0,0,1,0,0,1,0,0,0,0,1,1,0,0,0,0,0,0,0,0,0,1,1,0,0,0,1,2
intellectual_disability,Intellectual_disability_hypoplastic_corpus_callosum_preauricular_tag_syndrome,0,0,1,0,0,0,0,1,0,0,1,0,0,1,0,0,0,0,0,0,0,0,1,0,0,1,0,3
intellectual_disability,Intellectual_disability_hypotonia_brachycephaly_pyloric_stenosis_cryptorchidism_syndrome,0,0,0,0,0,0,0,0,0,0,3,0,0,0,0,0,0,0,0,0,0,0,0,0,0,0,0,2
intellectual_disability,Intellectual_disability_macrocephaly_hypotonia_behavioral_abnormalities_syndrome,0,4,2,0,1,0,0,3,0,1,10,1,0,0,0,1,0,1,0,0,0,0,1,0,0,2,0,3
intellectual_disability,Intellectual_disability_muscle_weakness_short_stature_facial_dysmorphism_syndrome,0,0,0,0,0,1,0,1,0,0,1,0,0,0,0,0,0,0,0,0,0,0,0,0,0,1,1,1
intellectual_disability,Intellectual_disability_obesity_brain_malformations_facial_dysmorphism_syndrome,0,0,1,0,0,0,0,0,0,0,5,0,0,0,0,0,0,0,0,0,0,0,0,0,0,1,0,1
intellectual_disability,Intellectual_disability_obesity_prognathism_eye_and_skin_anomalies_syndrome,0,2,2,0,0,1,0,3,0,0,2,0,0,0,0,0,0,0,0,0,0,0,2,0,0,2,0,1
intellectual_disability,Intellectual_disability_polydactyly_uncombable_hair_syndrome,0,0,0,0,0,0,0,0,0,0,1,0,0,0,0,0,0,0,0,0,0,1,0,0,0,1,0,1
intellectual_disability,Intellectual_disability_seizures_abnormal_gait_facial_dysmorphism_syndrome,0,1,0,0,0,0,0,2,0,1,2,3,0,0,0,0,0,0,0,0,0,0,0,0,0,4,0,5
intellectual_disability,Intellectual_disability_seizures_hypophosphatasia_ophthalmic_skeletal_anomalies_syndrome,0,0,1,0,0,1,0,3,0,0,5,0,0,0,0,0,0,0,0,0,0,0,0,0,0,5,0,2
intellectual_disability,Intellectual_disability_seizures_macrocephaly_obesity_syndrome,0,2,0,0,0,2,0,2,0,1,5,1,0,0,0,0,0,0,0,0,0,0,0,1,0,3,0,5
intellectual_disability,Intellectual_disability_severe_speech_delay_mild_dysmorphism_syndrome,0,4,4,0,0,1,0,2,0,0,3,1,0,1,0,0,0,0,0,0,0,1,1,0,0,3,0,4
intellectual_disability,Intellectual_disability_short_stature_hypertelorism_syndrome,0,0,0,0,0,0,0,0,0,0,2,0,0,0,0,0,0,0,0,0,0,0,0,0,0,1,0,0
intellectual_disability,Intellectual_disability_spasticity_ectrodactyly_syndrome,0,0,0,0,0,0,0,0,0,0,0,0,1,1,0,0,0,0,0,0,0,0,0,0,0,0,0,0
intellectual_disability,Intellectual_disability_strabismus_syndrome,0,3,0,0,0,1,1,1,0,0,6,0,0,1,0,0,0,0,0,0,0,0,0,0,0,1,0,6
intellectual_disability,KDM5C_related_syndromic_X_linked_intellectual_disability,0,2,1,0,0,0,0,1,0,0,1,0,1,1,0,0,0,0,0,0,0,1,0,0,0,1,0,1
intellectual_disability,Laryngeal_abductor_paralysis_intellectual_disability_syndrome,0,0,1,0,0,0,0,0,0,0,0,0,0,0,0,0,0,0,0,0,0,0,0,0,0,0,0,0
intellectual_disability,Leukomelanoderma_infantilism_intellectual_disability_hypodontia_hypotrichosis_syndrome,0,0,0,0,0,0,0,0,0,0,0,0,0,0,0,0,0,0,0,0,0,2,0,0,0,0,0,2
intellectual_disability,Lipodystrophy_intellectual_disability_deafness_syndrome,0,0,0,0,0,1,0,0,0,0,0,0,0,0,0,0,0,0,0,0,0,0,0,0,0,0,0,5
intellectual_disability,Macrocephaly_intellectual_disability_left_ventricular_non_compaction_syndrome,0,3,1,0,1,0,0,2,0,0,8,0,1,0,0,0,0,0,0,0,0,0,3,0,1,2,1,9
intellectual_disability,Macrocephaly_intellectual_disability_neurodevelopmental_disorder_small_thorax_syndrome,0,2,0,0,0,0,0,1,0,0,5,0,0,0,0,0,0,0,0,1,0,2,1,0,0,1,0,2
intellectual_disability,Male_hypergonadotropic_hypogonadism_intellectual_disability_skeletal_anomalies_syndrome,0,0,0,0,0,0,0,0,0,0,0,0,0,0,0,0,0,0,0,0,0,0,0,0,0,0,0,5
intellectual_disability,Marfanoid_habitus_autosomal_recessive_intellectual_disability_syndrome,1,0,0,0,0,0,0,1,0,0,5,0,0,0,0,0,0,1,0,0,0,1,0,0,0,1,0,3
intellectual_disability,Megalocornea_intellectual_disability_syndrome,0,0,0,0,1,1,0,1,0,0,3,1,0,0,0,0,0,0,0,0,0,0,1,0,0,6,0,1
intellectual_disability,Metaphyseal_dysostosis_intellectual_disability_conductive_deafness_syndrome,0,0,1,0,0,0,0,1,0,0,0,0,0,0,0,0,0,0,0,0,0,0,0,0,0,1,0,1
intellectual_disability,Microcephaly_corpus_callosum_and_cerebellar_vermis_hypoplasia_facial_dysmorphism_intellectual_disability_syndrom,0,0,0,0,0,2,0,0,0,0,4,1,0,0,0,0,0,0,0,0,0,0,1,0,0,1,0,3
intellectual_disability,Microcephaly_corpus_callosum_hypoplasia_intellectual_disability_facial_dysmorphism_syndrome,0,1,0,0,0,0,0,0,0,0,3,0,0,0,0,0,1,0,0,0,0,1,1,0,0,3,0,2
intellectual_disability,Microcephaly_deafness_intellectual_disability_syndrome,0,0,0,0,0,1,0,0,0,0,2,0,0,0,0,0,0,0,0,0,0,0,1,0,0,0,0,1
intellectual_disability,Microcephaly_intellectual_disability_sensorineural_hearing_loss_epilepsy_abnormal_muscle_tone_syndrome,0,3,2,0,0,1,0,1,0,1,0,2,0,2,0,0,0,0,0,1,0,0,0,0,0,2,0,4
intellectual_disability,Microcephaly_seizures_intellectual_disability_heart_disease_syndrome,0,0,0,0,0,0,0,2,0,0,0,0,0,0,0,0,0,0,0,0,0,0,0,0,0,0,0,1
intellectual_disability,Microcephaly_thin_corpus_callosum_intellectual_disability_syndrome,0,0,0,0,0,0,0,2,0,0,0,0,1,1,0,0,0,0,0,0,0,0,1,0,0,0,0,0
intellectual_disability,Micrognathia_recurrent_infections_behavioral_abnormalities_mild_intellectual_disability_syndrome,0,5,1,1,0,1,0,1,0,0,2,1,0,0,0,0,0,0,0,0,0,0,1,1,0,1,0,5
intellectual_disability,Microphthalmia_ankyloblepharon_intellectual_disability_syndrome,0,0,1,0,0,0,0,0,0,0,0,0,0,0,0,0,0,0,0,0,0,0,0,0,0,0,0,0
intellectual_disability,Aniridia_cerebellar_ataxia_intellectual_disability_syndrome,0,0,0,0,1,1,0,0,0,0,0,0,0,0,1,0,0,0,0,0,0,0,2,0,0,0,0,0
intellectual_disability,Ataxia_deafness_intellectual_disability_syndrome,1,0,0,0,1,1,0,2,0,0,0,0,0,0,0,1,0,0,0,0,0,0,1,0,0,0,0,0
intellectual_disability,Ataxia_intellectual_disability_oculomotor_apraxia_cerebellar_cysts_syndrome,0,0,2,0,1,0,0,3,0,0,0,0,0,0,0,0,0,0,0,0,0,0,0,0,0,3,0,0
intellectual_disability,Non_specific_syndromic_intellectual_disability,0,3,1,1,0,2,0,3,0,1,6,0,0,0,0,0,0,0,0,0,0,2,3,0,0,4,0,4
intellectual_disability,Ophthalmoplegia_intellectual_disability_lingua_scrotalis_syndrome,0,0,0,0,0,1,0,3,0,0,0,0,0,0,0,0,0,0,0,0,0,0,0,0,0,1,0,0
intellectual_disability,Autosomal_recessive_cerebellar_ataxia_epilepsy_intellectual_disability_syndrome_due_to_RUBCN_deficiency,0,0,0,0,1,0,0,2,0,0,0,0,0,0,0,1,0,0,0,0,0,0,1,0,0,0,0,0
intellectual_disability,Optic_atrophy_intellectual_disability_syndrome,0,3,0,0,0,1,0,4,0,0,1,1,0,1,0,0,0,0,0,0,0,0,0,0,0,7,0,1
intellectual_disability,Osteogenesis_imperfecta_retinopathy_seizures_intellectual_disability_syndrome,0,0,0,0,0,0,0,0,0,0,1,0,0,0,0,0,0,0,0,0,0,0,0,0,0,3,0,0
intellectual_disability,Osteopenia_intellectual_disability_sparse_hair_syndrome,0,0,0,0,0,1,0,0,0,0,2,0,0,0,0,0,0,0,0,0,0,1,0,0,0,1,0,2
intellectual_disability,Pachygyria_intellectual_disability_epilepsy_syndrome,0,0,1,0,0,0,0,0,0,0,0,0,0,0,0,0,0,0,0,0,0,0,0,0,0,0,0,0
intellectual_disability,Paraplegia_intellectual_disability_hyperkeratosis_syndrome,0,0,0,0,0,1,0,1,0,0,3,0,2,1,0,0,0,0,0,0,0,1,0,0,0,1,0,0
intellectual_disability,Autosomal_recessive_cerebellar_ataxia_epilepsy_intellectual_disability_syndrome_due_to_TUD_deficiency,0,0,0,0,1,0,0,0,0,0,2,0,0,0,0,0,0,0,0,0,0,0,0,0,0,0,0,1
intellectual_disability,Polyneuropathy_intellectual_disability_acromicria_premature_menopause_syndrome,0,0,0,0,0,0,0,0,0,0,0,0,0,0,0,1,0,0,0,0,0,0,0,0,0,0,1,3
intellectual_disability,Autosomal_recessive_cerebellar_ataxia_epilepsy_intellectual_disability_syndrome_due_to_WWOX_deficiency,0,0,0,0,1,0,0,1,0,0,0,0,0,0,0,1,0,0,0,0,0,0,1,1,0,0,0,0
intellectual_disability,Postnatal_microcephaly_infantile_hypotonia_spastic_diplegia_dysarthria_intellectual_disability_syndrome,0,0,0,0,0,0,0,0,0,1,1,0,1,0,0,0,0,0,0,0,0,0,1,0,0,1,0,3
intellectual_disability,Preaxial_polydactyly_colobomata_intellectual_disability_syndrome,0,0,0,0,0,0,0,1,0,0,0,0,0,0,0,0,0,0,0,0,0,0,0,0,0,3,0,0
intellectual_disability,Primary_hypomagnesemia_with_refractory_seizures_and_intellectual_disability,0,1,0,0,0,0,0,0,0,0,0,0,0,0,0,0,0,0,0,2,0,0,1,0,0,0,0,0
intellectual_disability,Primary_microcephaly_mild_intellectual_disability_young_onset_diabetes_syndrome,0,0,1,0,0,1,0,0,0,1,7,0,1,0,0,0,0,0,0,0,0,1,2,0,0,1,1,6
intellectual_disability,Progressive_epilepsy_intellectual_disability_syndrome_Finnish_type,0,1,3,0,2,0,0,0,0,3,0,0,0,0,0,0,0,0,0,1,0,0,2,0,0,3,0,1
intellectual_disability,Progressive_essential_tremor_speech_impairment_facial_dysmorphism_intellectual_disability_abnormal_behavior_syndrome,0,3,1,0,0,0,0,0,0,2,0,0,0,0,0,0,0,0,0,0,0,0,1,0,1,0,0,0
intellectual_disability,Progressive_spondyloepimetaphyseal_dysplasia_short_stature_short_fourth_metatarsals_intellectual_disability_syndrome,0,1,2,0,0,0,0,1,0,0,4,0,0,0,0,0,0,0,0,0,0,0,0,0,0,2,0,4
intellectual_disability,Pterygium_colli_intellectual_disability_digital_anomalies_syndrome,0,0,0,0,0,1,0,0,0,0,1,0,0,0,0,0,0,1,0,0,0,0,0,0,0,1,0,1
intellectual_disability,Rare_non_syndromic_intellectual_disability,0,1,0,0,0,2,0,0,0,0,0,2,0,1,0,0,0,0,0,0,0,0,1,0,0,1,0,1
intellectual_disability,Recessive_intellectual_disability_motor_dysfunction_multiple_joint_contractures_syndrome,0,0,1,0,0,0,0,0,0,0,0,0,2,0,0,0,0,0,0,0,0,0,0,0,1,0,0,0
intellectual_disability,Intellectual_disability_hyperkinetic_movement_truncal_ataxia_syndrome,0,0,0,0,1,0,0,1,1,0,0,1,0,0,0,0,0,0,1,0,0,0,0,0,0,2,1,2
intellectual_disability,Recurrent_metabolic_encephalomyopathic_crises_rhabdomyolysis_cardiac_arrhythmia_intellectual_disability_syndrome,0,0,0,0,1,1,1,2,0,0,0,1,2,1,0,0,0,0,0,3,0,0,0,0,0,3,0,2
intellectual_disability,Retinitis_pigmentosa_intellectual_disability_deafness_hypogonadism_syndrome,0,0,0,0,0,1,0,1,0,0,1,0,0,0,0,0,0,0,0,0,0,1,0,0,0,2,0,3
intellectual_disability,Retinitis_pigmentosa_juvenile_cataract_short_stature_intellectual_disability_syndrome,0,0,1,0,1,0,0,0,0,0,2,0,0,0,0,0,0,0,0,0,0,0,0,0,0,3,0,1
intellectual_disability,Seizures_intellectual_disability_due_to_hydroxylysinuria_syndrome,0,0,0,0,0,0,0,0,0,0,0,0,0,0,0,0,0,0,0,0,0,0,0,0,0,0,0,0
intellectual_disability,Severe_growth_deficiency_strabismus_extensive_dermal_melanocytosis_intellectual_disability_syndrome,0,3,1,0,0,1,0,2,0,1,1,0,1,0,0,0,0,0,0,0,0,1,2,0,0,1,0,2
intellectual_disability,Severe_intellectual_disability_and_progressive_spastic_paraplegia,0,0,1,0,0,0,0,1,0,1,2,2,1,1,0,0,1,0,0,0,0,0,1,0,0,1,0,2
intellectual_disability,Non_progressive_cerebellar_ataxia_with_intellectual_disability,0,2,2,0,2,0,0,2,0,1,4,0,1,0,0,0,0,0,0,0,1,0,1,0,1,1,0,2
intellectual_disability,Severe_intellectual_disability_epilepsy_anal_anomalies_distal_phalangeal_hypoplasia,0,0,1,0,0,0,0,0,0,0,2,0,0,0,0,0,0,0,0,0,0,0,0,0,0,1,0,0
intellectual_disability,Severe_intellectual_disability_hypotonia_strabismus_coarse_face_planovalgus_syndrome,0,0,1,1,0,0,0,1,0,0,1,0,0,0,0,0,0,0,0,0,0,0,0,0,0,0,0,2
intellectual_disability,Severe_intellectual_disability_poor_language_strabismus_grimacing_face_long_fingers_syndrome,0,6,1,1,0,0,0,1,0,0,3,2,0,0,0,0,0,0,0,0,0,1,2,0,0,4,0,4
intellectual_disability,Severe_intellectual_disability_progressive_postnatal_microcephaly_midline_stereotypic_hand_movements_syndrome,0,3,1,0,0,0,0,2,0,0,0,1,0,0,0,0,0,0,0,0,0,0,0,0,0,0,0,0
intellectual_disability,Severe_intellectual_disability_progressive_spastic_diplegia_syndrome,0,4,0,1,0,1,0,1,0,0,1,0,0,1,0,0,0,0,0,0,0,0,1,0,0,3,0,1
intellectual_disability,Severe_intellectual_disability_short_stature_behavioral_abnormalities_facial_dysmorphism_syndrome,0,3,2,1,0,0,0,1,0,0,2,1,0,0,0,0,0,0,0,0,0,0,0,0,0,1,0,2
intellectual_disability,Severe_microbrachycephaly_intellectual_disability_athetoid_cerebral_palsy_syndrome,0,0,1,0,0,0,0,1,0,0,5,0,0,1,0,0,0,0,0,0,0,0,0,0,0,2,0,0
intellectual_disability,Severe_X_linked_intellectual_disability_Gustavson_type,0,0,1,0,0,1,0,0,0,0,2,1,0,2,0,0,0,0,0,0,0,0,0,0,0,2,0,4
intellectual_disability,Short_ulna_dysmorphism_hypotonia_intellectual_disability_syndrome,0,0,3,0,0,0,0,0,0,0,4,0,0,0,0,0,0,0,0,0,0,1,0,0,0,1,0,1
intellectual_disability,SIN3A_related_intellectual_disability_syndrome_due_to_a_point_mutation,0,3,1,0,0,1,0,0,0,0,2,0,0,0,0,0,0,0,0,0,0,1,0,0,0,0,0,0
intellectual_disability,Severe_intellectual_disability_corpus_callosum_agenesis_facial_dysmorphism_cerebellar_ataxia_syndrome,0,0,1,0,0,0,0,1,0,0,2,0,0,2,0,0,0,0,0,0,0,1,1,0,0,0,0,1
intellectual_disability,X_linked_intellectual_disability_ataxia_apraxia_syndrome,0,0,2,0,1,0,0,0,0,0,0,0,0,0,0,0,0,0,0,0,0,0,0,0,0,0,0,0
intellectual_disability,Spastic_paraplegia_glaucoma_intellectual_disability_syndrome,0,0,0,0,0,0,0,0,0,0,0,0,0,1,0,0,0,0,0,0,0,0,0,0,0,1,0,0
intellectual_disability,Spastic_paraplegia_intellectual_disability_nystagmus_obesity_syndrome,0,0,0,0,0,0,0,2,0,0,2,0,0,0,0,0,0,0,0,0,0,0,0,0,0,2,0,1
intellectual_disability,Spastic_tetraplegia_retinitis_pigmentosa_intellectual_disability_syndrome,0,0,1,0,0,1,0,0,0,0,0,0,0,0,0,0,0,0,0,0,0,0,0,0,0,1,0,0
intellectual_disability,Spondylocostal_dysostosis_hypospadias_intellectual_disability_syndrome,0,0,1,0,0,0,0,0,0,0,0,0,0,0,0,0,0,0,0,0,0,0,0,0,0,0,0,1
intellectual_disability,STAG1_related_intellectual_disability_facial_dysmorphism_gastroesophageal_reflux_syndrome,0,1,1,0,0,0,0,1,0,0,1,0,0,0,0,0,0,0,0,0,0,0,0,0,0,1,0,4
intellectual_disability,Syndromic_X_linked_intellectual_disability_7,0,0,1,0,0,0,0,0,0,0,0,0,0,0,0,0,0,0,0,0,0,0,1,0,0,1,1,2
intellectual_disability,Tall_stature_intellectual_disability_renal_anomalies_syndrome,0,0,0,0,0,1,0,1,0,0,3,0,0,0,0,0,0,0,0,0,0,0,0,0,0,4,0,2
intellectual_disability,TBCK_related_intellectual_disability_syndrome,1,2,1,0,0,1,0,3,0,1,6,0,0,0,0,2,0,0,0,1,0,1,0,1,0,2,1,3
intellectual_disability,TELO2_related_intellectual_disability_neurodevelopmental_disorder,0,0,1,1,1,1,0,2,0,2,1,0,0,2,0,0,0,0,0,0,0,0,1,0,0,2,0,4
intellectual_disability,Thumb_stiffness_brachydactyly_intellectual_disability_syndrome,0,0,0,0,0,0,0,0,0,0,0,0,0,0,0,0,0,0,0,0,0,0,0,0,0,0,0,1
intellectual_disability,Ulna_hypoplasia_intellectual_disability_syndrome,0,0,0,0,0,0,0,0,0,0,2,0,0,0,0,0,0,0,0,0,0,0,0,0,0,0,0,2
intellectual_disability,Uveal_coloboma_cleft_lip_and_palate_intellectual_disability,0,0,0,0,0,2,0,2,0,0,0,0,0,0,0,0,0,0,0,0,0,0,0,0,0,6,0,0
intellectual_disability,White_matter_hypoplasia_corpus_callosum_agenesis_intellectual_disability_syndrome,0,0,0,0,0,0,0,0,0,0,1,0,1,0,0,0,0,0,0,0,0,0,0,0,0,1,0,1
intellectual_disability,X_linked_female_restricted_facial_dysmorphism_short_stature_choanal_atresia_intellectual_disability,0,0,1,0,0,1,0,1,0,0,4,0,0,0,0,0,0,0,0,0,0,2,0,0,0,5,0,4
intellectual_disability,X_linked_intellectual_disability_Abidi_type,0,0,0,0,0,1,0,0,0,0,1,0,0,0,0,0,0,0,0,0,0,0,0,0,0,0,0,1
intellectual_disability,X_linked_intellectual_disability_Armfield_type,0,0,2,0,0,0,0,1,0,0,3,0,0,0,0,0,0,0,0,0,0,0,0,0,0,2,0,2
intellectual_disability,X_linked_intellectual_disability_Cabezas_type,0,2,2,0,0,0,1,0,0,1,2,0,0,0,0,0,0,0,0,0,0,1,1,0,0,0,0,4
intellectual_disability,X_linked_intellectual_disability_Cantagrel_type,0,1,0,0,0,0,0,1,0,0,0,1,0,0,0,0,0,0,0,0,0,0,0,0,0,0,0,1
intellectual_disability,X_linked_intellectual_disability_Cilliers_type,0,2,1,0,0,0,0,0,0,0,3,0,0,0,0,0,0,0,0,0,0,0,0,0,0,1,0,2
intellectual_disability,X_linked_intellectual_disability_due_to_GRIA3_mutations,0,4,3,2,0,1,0,0,0,0,4,1,0,1,0,1,1,0,0,1,0,0,0,0,0,1,1,4
intellectual_disability,X_linked_intellectual_disability_Golabi_Ito_Hall_type,0,0,0,0,0,0,0,0,0,0,3,0,0,1,0,0,0,0,0,0,0,2,0,0,0,0,0,2
intellectual_disability,X_linked_intellectual_disability_Hedera_type,0,0,1,0,1,0,0,0,0,3,0,0,0,0,1,3,0,0,0,1,0,0,3,0,1,0,0,1
intellectual_disability,X_linked_intellectual_disability_Miles_Carpenter_type,1,0,1,0,0,0,0,1,0,0,1,0,0,0,0,0,0,0,0,0,0,0,0,0,0,1,0,0
intellectual_disability,X_linked_intellectual_disability_Najm_type,0,0,1,0,0,1,0,2,0,0,1,0,0,2,0,0,0,0,0,0,0,0,0,0,0,5,0,1
intellectual_disability,X_linked_intellectual_disability_Nascimento_type,0,2,2,0,0,1,0,1,0,0,3,0,0,0,0,0,0,2,0,0,0,3,2,0,0,1,0,3
intellectual_disability,X_linked_intellectual_disability_Pai_type,0,0,1,0,0,0,0,0,0,0,0,0,0,1,0,0,0,0,0,0,0,0,0,0,0,0,0,1
intellectual_disability,X_linked_intellectual_disability_Porteous_type,0,0,1,0,0,0,0,1,0,0,2,0,0,0,0,0,0,0,0,0,0,1,0,0,0,0,0,2
intellectual_disability,X_linked_intellectual_disability_Schimke_type,0,0,0,0,0,1,0,1,0,0,0,2,1,1,0,0,0,0,0,0,0,0,0,0,0,1,1,5
intellectual_disability,X_linked_intellectual_disability_Seemanova_type,1,0,0,0,0,0,0,0,0,0,0,0,0,0,0,0,0,0,0,0,0,0,0,0,0,1,0,1
intellectual_disability,X_linked_intellectual_disability_Shashi_type,0,0,1,0,0,0,0,0,0,0,2,0,0,0,0,0,0,0,0,0,0,0,0,0,0,0,0,1
intellectual_disability,X_linked_intellectual_disability_Shrimpton_type,0,0,1,0,0,0,0,1,0,0,1,0,0,0,0,0,0,0,0,0,0,0,0,0,0,0,0,1
intellectual_disability,X_linked_intellectual_disability_Siderius_type,0,0,1,0,0,0,0,0,0,0,1,0,0,0,0,0,0,1,0,0,0,0,0,0,0,0,0,0
intellectual_disability,X_linked_intellectual_disability_Snyder_type,1,0,2,0,0,1,0,0,0,2,5,1,0,0,0,0,0,1,0,1,0,1,1,0,0,3,0,3
intellectual_disability,X_linked_intellectual_disability_Stevenson_type,0,0,2,0,0,0,0,0,0,0,1,0,0,0,0,1,0,0,0,0,0,0,0,0,0,0,0,3
intellectual_disability,X_linked_intellectual_disability_Stocco_Dos_Santos_type,0,1,1,0,0,0,0,1,0,0,0,0,0,0,0,0,0,0,0,0,0,1,0,0,0,1,0,2
intellectual_disability,X_linked_intellectual_disability_Stoll_type,0,0,0,0,0,0,0,0,0,0,3,0,0,0,0,0,0,0,0,0,0,0,0,0,0,1,0,1
intellectual_disability,X_linked_intellectual_disability_Sutherland_Haan_type,0,0,2,0,0,0,0,1,0,0,3,0,0,1,0,0,0,0,0,0,0,0,0,0,0,0,0,3
intellectual_disability,X_linked_intellectual_disability_Van_Esch_type,0,2,1,0,0,0,0,0,0,0,1,0,0,0,0,0,0,0,0,0,0,0,0,0,0,0,0,3
intellectual_disability,X_linked_intellectual_disability_Wilson_type,0,0,1,0,0,0,0,0,0,0,2,0,0,0,0,0,0,0,0,0,0,1,1,0,0,0,0,1
intellectual_disability,X_linked_intellectual_disability_with_isolated_growth_hormone_deficiency,0,0,0,0,0,0,0,3,0,0,1,0,0,0,0,0,0,0,0,0,0,0,0,0,0,0,0,1
intellectual_disability,X_linked_intellectual_disability_acromegaly_hyperactivity_syndrome,0,2,1,0,0,0,0,0,0,0,1,0,0,0,0,0,0,0,0,0,0,0,1,0,0,0,0,0
intellectual_disability,X_linked_intellectual_disability_cardiomegaly_congestive_heart_failure_syndrome,0,0,1,0,0,0,0,0,0,2,1,0,0,0,0,0,0,0,0,0,0,0,1,0,0,0,0,5
intellectual_disability,X_linked_intellectual_disability_cerebellar_hypoplasia_syndrome,0,4,2,0,1,0,0,1,0,0,3,0,0,0,0,0,0,0,0,1,0,0,2,0,1,1,0,1
intellectual_disability,X_linked_intellectual_disability_cerebellar_hypoplasia_spondylo_epiphyseal_dysplasia_syndrome,0,1,1,0,1,1,0,1,0,1,4,0,0,0,0,0,0,0,0,0,0,1,0,0,0,1,0,2
intellectual_disability,X_linked_intellectual_disability_craniofacioskeletal_syndrome,0,0,1,0,0,1,0,0,0,0,3,0,0,0,0,0,0,0,0,0,0,0,0,0,0,1,0,2
intellectual_disability,X_linked_intellectual_disability_cubitus_valgus_dysmorphism_syndrome,0,0,1,0,0,0,0,0,0,0,2,0,0,0,0,0,0,0,0,0,0,0,0,0,0,1,0,3
intellectual_disability,X_linked_intellectual_disability_Dandy_Walker_malformation_basal_ganglia_disease_seizures_syndrome,0,0,0,0,0,0,0,1,0,0,1,0,0,0,0,0,0,0,0,0,0,0,0,0,0,0,0,0
intellectual_disability,X_linked_intellectual_disability_dysmorphism_cerebral_atrophy_syndrome,0,0,0,0,0,1,0,2,0,0,1,0,0,0,0,0,0,0,0,0,0,0,0,0,0,2,0,1
intellectual_disability,X_linked_intellectual_disability_epilepsy_progressive_joint_contractures_dysmorphism_syndrome,0,0,0,0,0,0,0,0,0,0,1,0,0,0,0,0,0,0,0,0,0,0,0,0,0,0,0,2
intellectual_disability,X_linked_intellectual_disability_global_development_delay_facial_dysmorphism_sacral_caudal_remnant_syndrome,0,1,1,0,0,1,0,1,0,0,4,1,1,0,0,0,0,0,0,0,0,0,0,0,0,1,0,3
intellectual_disability,X_linked_intellectual_disability_hypogammaglobulinemia_progressive_neurological_deterioration_syndrome,0,0,2,0,1,0,0,0,0,0,2,0,0,0,0,0,0,0,0,0,0,0,0,0,0,1,1,0
intellectual_disability,X_linked_intellectual_disability_hypogonadism_ichthyosis_obesity_short_stature_syndrome,0,0,0,0,0,0,0,2,0,0,0,0,0,0,0,0,0,0,0,0,0,0,1,0,0,0,0,2
intellectual_disability,X_linked_intellectual_disability_hypotonia_facial_dysmorphism_aggressive_behavior_syndrome,1,1,1,0,0,0,0,0,0,0,5,0,0,0,0,0,0,0,0,0,0,0,0,0,0,0,0,4
intellectual_disability,X_linked_intellectual_disability_hypotonia_movement_disorder_syndrome,0,3,0,0,0,1,0,0,0,1,1,1,0,1,0,0,0,0,0,0,0,1,0,0,0,2,0,1
intellectual_disability,X_linked_intellectual_disability_limb_spasticity_retinal_dystrophy_diabetes_insipidus_syndrome,0,0,1,0,0,1,0,1,0,0,1,0,2,1,0,0,0,0,0,0,0,0,0,0,0,4,0,5
intellectual_disability,X_linked_intellectual_disability_macrocephaly_macroorchidism_syndrome,0,0,1,0,0,0,0,0,0,0,1,0,0,0,0,0,0,0,0,0,0,0,0,0,0,0,0,0
intellectual_disability,X_linked_intellectual_disability_plagiocephaly_syndrome,0,0,2,0,0,0,0,0,0,0,5,1,0,0,0,0,0,0,0,0,0,0,0,0,0,0,0,1
intellectual_disability,X_linked_intellectual_disability_psychosis_macroorchidism_syndrome,0,5,2,1,0,0,0,0,0,2,0,0,2,0,1,0,0,0,0,0,0,0,0,0,1,0,0,4
intellectual_disability,X_linked_intellectual_disability_retinitis_pigmentosa_syndrome,0,0,0,0,0,0,0,0,0,0,0,0,0,0,0,0,0,0,0,0,0,0,0,0,0,1,0,0
intellectual_disability,X_linked_intellectual_disability_seizures_psoriasis_syndrome,0,0,0,0,0,0,0,0,0,0,0,0,0,0,0,0,0,0,0,0,0,0,0,0,0,0,0,0
intellectual_disability,X_linked_intellectual_disability_short_stature_overweight_syndrome,0,3,3,0,0,0,0,2,0,0,2,1,0,0,0,0,0,0,0,0,0,0,0,0,0,1,0,4
intellectual_disability,X_linked_non_syndromic_intellectual_disability,0,2,3,0,0,2,0,0,0,0,2,0,0,0,0,0,0,0,0,0,0,0,1,1,0,0,0,2
intellectual_disability,X_linked_skeletal_dysplasia_intellectual_disability_syndrome,0,0,0,0,0,0,0,0,0,0,0,0,0,0,0,0,0,0,0,0,0,0,0,0,0,0,0,1
intellectual_disability,X_linked_spasticity_intellectual_disability_epilepsy_syndrome,0,0,0,0,0,0,0,0,0,0,0,0,0,3,0,0,0,0,0,1,0,0,0,0,0,0,0,0
myopathy,Pyomyositis,0,0,0,0,0,0,0,0,0,0,0,0,0,0,0,0,0,0,1,0,0,0,0,0,0,0,0,1
myopathy,Adenylosuccinate_synthetase_like_1_related_distal_myopathy,3,0,0,0,0,0,0,0,0,5,0,0,0,0,0,2,0,0,0,0,0,0,0,0,0,0,5,0
myopathy,Adult_onset_chronic_progressive_external_ophthalmoplegia_with_mitochondrial_myopathy,1,0,2,0,1,2,0,2,1,2,0,0,0,0,0,1,0,0,3,0,0,0,1,0,0,0,3,2
myopathy,Adult_onset_distal_myopathy_due_to_VCP_mutation,2,1,2,0,0,1,0,0,0,1,0,0,0,0,1,0,0,0,1,0,0,0,0,2,0,0,4,1
myopathy,Adult_onset_nemaline_myopathy,0,0,0,0,1,0,0,0,0,0,2,0,0,0,0,1,0,0,1,0,0,0,0,0,0,0,3,2
myopathy,Alpha_B_crystallin_related_late_onset_myopathy,0,0,0,0,0,1,0,0,0,0,0,0,0,0,0,1,0,0,0,0,0,0,1,0,0,1,6,0
myopathy,Amish_nemaline_myopathy,1,0,0,0,0,0,0,0,0,0,0,0,0,0,0,0,0,0,0,0,0,0,0,0,0,0,1,1
myopathy,Autosomal_dominant_centronuclear_myopathy,0,0,0,0,0,1,0,1,0,0,1,0,0,0,0,1,0,0,1,0,0,0,0,1,0,0,1,3
myopathy,Autosomal_dominant_congenital_benign_spinal_muscular_atrophy,2,0,0,0,0,0,0,0,0,0,0,0,0,0,0,0,0,0,0,0,0,0,0,0,0,0,0,1
myopathy,Autosomal_dominant_mitochondrial_myopathy_with_exercise_intolerance,0,0,0,0,0,0,0,0,0,0,0,0,0,0,0,0,0,0,0,0,0,0,0,0,0,0,3,1
myopathy,Autosomal_recessive_centronuclear_myopathy,1,0,1,0,0,1,0,2,0,1,2,0,0,0,0,1,0,0,0,0,0,0,2,0,0,0,2,1
myopathy,Benign_Samaritan_congenital_myopathy,1,0,0,1,0,0,0,0,0,0,3,0,0,0,0,1,0,0,0,0,0,0,1,0,0,1,0,3
myopathy,Bethlem_myopathy,1,0,0,0,0,0,0,0,0,1,0,0,0,0,0,0,0,0,0,0,0,0,0,0,0,0,9,0
myopathy,BICD2_related_autosomal_dominant_childhood_onset_proximal_spinal_muscular_atrophy,1,0,0,0,0,0,0,0,0,1,0,0,1,0,0,1,0,0,0,0,0,0,0,0,0,0,4,1
myopathy,Cap_myopathy,2,0,0,0,0,0,0,0,1,2,1,0,0,0,0,1,0,0,0,0,0,0,1,0,0,0,3,3
myopathy,Cardiomyopathy_cataract_hip_spine_disease_syndrome,0,0,0,0,0,0,0,0,0,0,0,0,0,0,0,0,0,0,0,0,0,0,0,0,0,1,0,4
myopathy,Cardiomyopathy_hypotonia_lactic_acidosis_syndrome,0,0,0,0,0,0,0,0,0,0,0,0,0,0,0,0,0,0,0,0,0,1,0,0,0,0,0,3
myopathy,Childhood_onset_nemaline_myopathy,1,0,0,0,2,2,0,0,1,1,2,0,0,0,0,2,0,0,0,0,0,0,0,0,0,1,2,4
myopathy,Cirrhotic_cardiomyopathy,0,1,0,0,0,0,0,0,1,0,0,0,0,0,0,0,0,0,0,0,0,0,0,0,0,0,0,8
myopathy,Classic_multiminicore_myopathy,1,0,0,0,0,0,0,0,0,0,0,0,0,0,0,0,0,1,0,0,0,0,1,0,0,0,3,6
myopathy,Congenital_cataract_hypertrophic_cardiomyopathy_mitochondrial_myopathy_syndrome,0,0,0,0,0,0,0,2,0,0,0,0,0,0,0,0,0,0,0,0,0,0,0,0,0,3,0,1
myopathy,Congenital_fiber_type_disproportion_myopathy,0,0,0,1,0,0,0,1,1,0,1,0,0,0,0,2,0,0,1,0,0,0,1,0,0,0,6,6
myopathy,Congenital_multicore_myopathy_with_external_ophthalmoplegia,4,0,0,0,0,2,0,1,0,0,1,0,0,0,0,0,0,0,0,0,0,0,0,0,0,0,3,6
myopathy,Congenital_myopathy_with_myasthenic_like_onset,1,0,0,0,0,1,0,1,1,0,0,0,0,0,0,1,0,0,0,0,0,0,0,0,0,0,1,6
myopathy,Dilated_cardiomyopathy_hypergonadotropic_hypogonadism_syndrome,0,0,0,0,0,1,0,0,0,0,0,0,0,0,0,0,0,0,0,0,0,0,0,0,0,0,0,0
myopathy,Distal_myopathy_Tateyama_type,1,0,0,0,1,0,0,0,0,0,0,0,0,0,0,1,0,0,1,0,1,0,0,0,0,0,3,2
myopathy,Distal_myopathy_Welander_type,1,0,0,0,1,0,0,0,0,1,0,0,0,0,0,0,0,0,0,0,0,0,0,0,0,0,2,1
myopathy,Distal_myopathy_with_anterior_tibial_onset,1,0,0,0,0,0,0,0,0,0,0,0,0,0,0,1,0,0,1,0,0,0,0,0,0,0,6,0
myopathy,Distal_myopathy_with_posterior_leg_and_anterior_hand_involvement,1,0,0,0,0,0,0,0,1,2,0,0,0,0,0,1,0,0,1,0,0,0,0,0,0,0,5,0
myopathy,Distal_nebulin_myopathy,1,0,0,0,0,0,0,0,0,0,0,0,0,0,0,0,0,0,0,0,0,0,0,0,0,0,7,1
myopathy,Duane_anomaly_myopathy_scoliosis_syndrome,0,0,0,0,0,0,0,3,0,0,0,0,0,0,0,0,0,0,0,0,0,0,0,0,0,1,0,2
myopathy,Familial_dilated_cardiomyopathy,0,0,0,0,0,0,0,0,0,0,0,0,0,0,0,0,0,0,0,0,0,0,0,0,0,0,0,9
myopathy,Familial_dilated_cardiomyopathy_with_conduction_defect_due_to_LMNA_mutation,0,0,0,0,0,0,1,0,0,0,0,0,0,0,0,0,0,0,0,0,0,0,0,0,0,0,0,8
myopathy,Familial_isolated_dilated_cardiomyopathy,0,0,0,0,0,1,0,0,0,0,0,0,0,0,0,0,0,0,0,0,0,0,0,0,0,0,0,1
myopathy,Familial_isolated_restrictive_cardiomyopathy,0,0,0,0,0,0,1,0,0,0,0,0,0,0,0,0,0,0,0,0,0,0,0,0,0,0,0,5
myopathy,Familial_visceral_myopathy,0,0,0,0,0,0,0,0,0,0,2,0,0,0,0,0,0,0,0,0,0,0,0,0,0,0,0,1
myopathy,Finnish_upper_limb_onset_distal_myopathy,2,0,0,0,1,0,0,0,0,1,0,0,0,0,0,0,0,0,0,0,1,0,0,0,0,0,3,0
myopathy,Glycogen_storage_disease_with_severe_cardiomyopathy_due_to_glycogenin_deficiency,1,0,0,0,0,1,0,0,0,0,0,0,0,0,0,0,0,0,0,0,0,0,0,0,0,0,4,5
myopathy,GNE_myopathy,2,0,0,0,0,0,0,0,0,1,0,0,0,0,0,1,0,0,0,0,0,0,0,0,0,0,7,0
myopathy,Hereditary_myopathy_with_early_respiratory_failure,1,0,0,0,0,0,0,0,0,1,0,0,0,0,0,0,0,0,0,0,0,0,0,0,0,0,5,2
myopathy,Histiocytoid_cardiomyopathy,0,0,0,3,0,0,0,0,0,0,0,0,0,0,0,0,0,0,0,0,0,2,0,0,0,3,0,12
myopathy,Immune_mediated_necrotizing_myopathy,1,0,0,0,0,0,0,0,1,0,0,0,0,0,0,0,0,0,3,0,0,0,0,0,0,0,2,4
myopathy,Inclusion_body_myopathy_with_Paget_disease_of_bone_and_frontotemporal_dementia,2,0,1,0,0,0,0,0,0,1,1,0,0,0,0,0,0,0,1,0,0,0,3,1,0,1,2,2
myopathy,Infantile_onset_X_linked_spinal_muscular_atrophy,2,0,1,0,0,0,0,0,0,0,1,0,0,0,0,1,0,0,0,0,0,0,1,0,0,0,4,6
myopathy,Intellectual_disability_cataracts_calcified_pinnae_myopathy_syndrome,0,0,0,0,0,0,0,0,0,0,1,0,0,0,0,0,0,0,0,0,0,0,0,0,0,1,0,2
myopathy,Intellectual_disability_myopathy_short_stature_endocrine_defect_syndrome,1,0,1,0,0,1,0,1,0,0,1,0,0,0,0,0,0,0,0,0,0,0,0,0,0,2,0,2
myopathy,Intermediate_nemaline_myopathy,1,0,0,0,0,1,0,1,0,0,0,0,0,0,0,2,0,0,0,0,0,0,0,0,0,1,1,2
myopathy,KLHL9_related_early_onset_distal_myopathy,2,0,0,0,0,0,0,0,0,2,0,0,0,0,0,2,0,0,0,0,3,0,0,0,0,0,2,0
myopathy,Laing_early_onset_distal_myopathy,1,0,0,0,0,0,0,0,0,0,0,0,0,0,0,0,0,0,1,0,0,0,0,0,0,0,6,1
myopathy,Late_onset_distal_myopathy_Markesbery_Griggs_type,1,0,0,0,0,0,0,0,1,2,0,0,0,0,0,2,0,0,0,0,0,0,0,0,0,0,8,1
myopathy,Leigh_syndrome_with_cardiomyopathy,0,0,1,1,1,2,0,5,0,0,0,3,0,2,0,0,0,0,0,0,0,0,0,0,0,2,1,7
myopathy,Lethal_infantile_mitochondrial_myopathy,0,0,0,1,0,0,0,1,0,0,0,0,0,0,0,1,0,0,0,0,0,0,0,0,0,0,0,1
myopathy,Microcephaly_cardiomyopathy_syndrome,0,0,1,0,0,0,0,0,0,0,1,0,0,0,0,0,0,0,0,0,0,0,0,0,0,0,0,2
myopathy,Mitochondrial_DNA_related_cardiomyopathy_and_hearing_loss,0,0,1,0,1,1,0,2,0,0,0,0,1,0,0,0,0,0,3,0,0,0,1,0,0,0,1,2
myopathy,Mitochondrial_myopathy_and_sideroblastic_anemia,1,0,0,0,0,0,0,0,0,0,0,0,0,0,0,0,0,0,0,0,0,0,0,0,0,1,0,1
myopathy,Mitochondrial_myopathy_with_reversible_cytochrome_C_oxidase_deficiency,0,0,0,0,0,0,0,0,0,0,0,0,0,0,0,1,0,0,0,0,0,0,0,0,0,0,1,4
myopathy,Mitochondrial_myopathy_lactic_acidosis_deafness_syndrome,1,0,0,0,0,1,0,0,0,0,0,0,0,0,0,0,0,0,0,0,0,0,0,0,0,0,0,1
myopathy,Mitochondrial_neurogastrointestinal_encephalomyopathy,1,0,1,0,0,2,1,2,0,0,0,0,0,0,0,0,0,0,1,0,1,0,0,0,0,0,2,7
myopathy,Miyoshi_myopathy,4,0,0,0,0,0,0,0,0,2,0,0,0,0,0,1,0,0,2,0,0,0,0,0,0,0,6,1
myopathy,Multiminicore_myopathy,0,0,0,0,0,0,0,2,0,0,0,0,0,0,0,0,0,0,0,0,0,0,0,0,0,0,2,5
myopathy,Myopathy_and_diabetes_mellitus,3,1,2,1,0,1,0,0,0,3,0,0,1,0,0,1,0,0,1,0,1,0,1,0,0,0,4,2
myopathy,Native_American_myopathy,1,0,1,0,0,1,0,0,0,1,0,0,0,0,0,1,0,0,0,0,0,0,1,0,0,0,1,3
myopathy,Neutral_lipid_storage_myopathy,2,0,1,0,0,1,0,0,0,0,0,0,0,0,0,1,0,0,1,0,0,0,0,0,0,0,7,5
myopathy,Oculopharyngodistal_myopathy,1,0,0,0,0,2,0,2,1,1,0,0,0,0,0,1,0,0,0,0,0,0,0,0,0,0,5,2
myopathy,Peripartum_cardiomyopathy,0,0,0,0,0,0,0,0,0,0,0,0,0,0,0,0,0,0,2,0,0,0,0,0,0,0,0,13
myopathy,Peripheral_neuropathy_myopathy_hoarseness_hearing_loss_syndrome,0,0,0,0,0,1,0,0,0,0,0,0,0,0,0,2,0,0,0,0,0,0,1,0,0,0,3,2
myopathy,Progressive_external_ophthalmoplegia_myopathy_emaciation_syndrome,1,0,0,0,0,1,0,2,0,0,0,0,0,0,0,1,0,0,0,0,0,0,2,0,0,0,1,5
myopathy,Proximal_myopathy_with_extrapyramidal_signs,0,0,0,0,1,2,0,1,0,0,0,3,0,1,0,0,0,0,0,0,0,0,0,0,1,1,1,0
myopathy,Proximal_myotonic_myopathy,0,0,0,0,0,0,0,0,0,0,0,0,0,0,0,0,0,0,0,0,0,0,0,0,0,1,0,1
myopathy,Proximal_spinal_muscular_atrophy,2,0,0,0,0,1,0,0,0,1,0,0,0,0,0,3,0,0,0,0,0,0,0,0,0,0,7,4
myopathy,Pure_mitochondrial_myopathy,1,0,0,0,0,1,0,2,4,3,0,0,0,0,0,1,0,0,1,0,0,0,1,0,0,0,7,0
myopathy,Sensorineural_deafness_with_dilated_cardiomyopathy,0,0,0,0,0,1,0,0,0,0,0,0,0,0,0,0,0,0,0,0,0,0,0,0,0,0,0,2
myopathy,Severe_congenital_nemaline_myopathy,1,0,0,0,0,1,0,1,0,0,1,0,0,0,0,0,0,0,0,0,0,0,0,0,0,0,1,2
myopathy,Severe_X_linked_mitochondrial_encephalomyopathy,1,1,0,0,0,0,0,0,0,0,0,0,0,0,0,1,0,0,0,0,0,0,0,0,0,0,1,3
myopathy,Dilated_cardiomyopathy_with_ataxia,1,0,0,0,1,1,0,0,0,0,1,3,0,0,0,0,0,0,0,0,0,0,0,0,1,1,1,3
myopathy,Spinal_muscular_atrophy_Dandy_Walker_malformation_cataracts_syndrome,1,0,0,0,0,0,0,0,0,0,1,0,0,0,0,0,0,0,0,0,0,0,0,0,0,1,1,0
myopathy,Spinal_muscular_atrophy_progressive_myoclonic_epilepsy_syndrome,0,0,1,0,1,2,0,0,0,3,0,3,0,0,0,0,0,0,0,3,0,0,1,0,0,0,1,0
myopathy,Early_onset_progressive_encephalopathy_spastic_ataxia_distal_spinal_muscular_atrophy_syndrome,2,0,0,0,1,0,0,0,0,0,0,0,0,0,0,0,0,0,0,0,0,0,2,0,0,1,1,2
myopathy,Mitochondrial_myopathy_cerebellar_ataxia_pigmentary_retinopathy_syndrome,0,3,1,0,2,1,0,0,0,0,1,0,0,0,0,1,0,0,1,0,0,1,0,0,0,3,3,4
myopathy,Tako_Tsubo_cardiomyopathy,0,0,0,0,0,0,1,0,0,0,0,0,0,0,0,0,0,0,1,0,0,0,0,0,0,0,0,14
myopathy,TMEM70_related_mitochondrial_encephalo_cardio_myopathy,0,0,1,0,0,0,0,0,0,0,0,0,0,0,0,0,0,0,0,0,0,0,0,0,0,0,0,4
myopathy,Tubular_aggregate_myopathy,0,0,0,0,0,0,0,0,2,0,0,0,0,0,0,0,0,0,1,0,0,0,0,0,0,0,0,0
myopathy,Tubular_renal_disease_cardiomyopathy_syndrome,0,0,0,0,0,0,0,0,0,0,0,1,0,0,0,0,0,0,1,0,0,0,0,0,0,0,0,1
myopathy,Typical_nemaline_myopathy,0,0,0,0,0,2,0,0,3,1,1,0,0,0,0,1,0,0,0,0,0,0,0,0,0,0,4,3
myopathy,Vacuolar_myopathy_with_sarcoplasmic_reticulum_protein_aggregates,0,0,0,0,0,0,0,0,0,0,0,0,0,0,0,0,0,0,0,0,0,0,0,0,0,0,0,1
myopathy,Vocal_cord_and_pharyngeal_distal_myopathy,0,0,1,0,0,0,0,0,0,1,0,0,1,0,0,0,0,0,1,0,1,0,5,0,0,0,2,1
myopathy,X_linked_centronuclear_myopathy,0,0,0,0,0,0,0,0,2,1,3,0,0,0,0,0,0,0,0,0,0,0,0,0,0,1,1,4
myopathy,X_linked_myotubular_myopathy_abnormal_genitalia_syndrome,0,0,0,0,0,0,0,0,0,0,0,0,0,0,0,0,0,0,0,0,0,0,0,0,0,0,0,2
myopathy,Zebra_body_myopathy,0,0,0,0,0,0,0,0,0,1,0,1,0,0,0,0,0,0,0,0,0,0,0,0,0,0,5,3
myopathy,Acanthosis_nigricans_insulin_resistance_muscle_cramps_acral_enlargement_syndrome,0,0,0,0,0,0,0,0,0,0,0,0,0,0,0,0,0,0,0,0,0,1,0,0,0,0,0,0
myopathy,Carnitine_palmitoyl_transferase_II_deficiency_myopathic_form,0,0,0,0,0,0,0,0,0,0,0,0,0,0,0,0,0,0,2,0,0,0,0,0,0,0,1,0
myopathy,Digital_extensor_muscle_aplasia_polyneuropathy,1,0,0,0,0,0,1,0,0,0,0,0,0,0,0,0,0,0,0,0,0,0,0,0,0,0,0,0
myopathy,Early_onset_progressive_diffuse_brain_atrophy_microcephaly_muscle_weakness_optic_atrophy_syndrome,2,0,2,1,1,0,0,1,0,0,1,2,0,1,0,1,0,0,0,0,0,1,1,3,0,2,1,4
myopathy,Glycogen_storage_disease_due_to_liver_and_muscle_phosphorylase_kinase_deficiency,1,0,0,0,0,0,0,0,0,0,0,0,0,0,0,0,0,0,1,0,0,0,0,0,0,0,3,9
myopathy,Glycogen_storage_disease_due_to_muscle_glycogen_phosphorylase_deficiency,1,0,0,0,0,0,0,0,1,0,0,0,0,0,0,0,0,0,1,0,0,0,0,0,0,0,2,1
myopathy,Glycogen_storage_disease_due_to_muscle_phosphofructokinase_deficiency,1,0,0,0,0,0,0,0,0,0,0,0,0,0,0,0,0,0,0,0,0,0,0,0,0,0,1,1
myopathy,Hereditary_continuous_muscle_fiber_activity,0,0,0,0,1,0,0,0,0,0,0,0,0,0,0,0,0,0,0,0,0,0,2,0,0,0,0,0
myopathy,Mitochondrial_DNA_depletion_syndrome_encephalomyopathic_form_with_methylmalonic_aciduria,1,0,1,0,1,2,0,0,0,0,0,0,0,0,0,1,0,0,0,0,0,0,0,0,0,1,0,2
myopathy,Mitochondrial_DNA_depletion_syndrome_myopathic_form,2,0,2,0,0,3,0,2,1,0,0,0,0,0,0,1,0,0,1,1,0,0,1,0,0,0,5,4
myopathy,Monomelic_amyotrophy,1,0,0,0,0,0,0,0,0,0,0,0,0,0,0,0,0,0,0,0,0,0,0,0,0,0,1,0
myopathy,Muscle_eye_brain_disease,0,0,1,0,0,0,0,1,0,0,0,0,0,1,0,0,0,0,0,0,0,0,2,0,0,5,0,1
myopathy,Muscle_eye_brain_disease_with_bilateral_multicystic_leucodystrophy,0,0,1,0,0,0,0,0,0,0,0,0,0,0,0,0,0,0,0,0,0,0,0,0,0,2,1,1
myopathy,Neuralgic_amyotrophy,0,0,0,1,0,0,0,0,0,0,1,0,0,0,0,0,0,0,1,0,1,1,1,0,0,0,1,1
myopathy,Paramyotonia_congenita_of_Von_Eulenburg,0,0,0,0,0,0,0,0,0,0,0,0,0,0,0,0,0,0,1,0,0,0,0,0,0,0,1,11
Parkinson,Adult_onset_dystonia_parkinsonism,0,3,1,0,1,0,0,2,0,0,0,3,1,2,2,0,0,0,0,0,0,0,1,0,0,0,0,0
Parkinson,Atypical_juvenile_parkinsonism,0,0,0,0,0,0,0,0,0,3,0,2,0,1,1,1,0,0,0,0,0,0,2,0,1,0,0,0
Parkinson,Caribbean_parkinsonism,0,1,4,1,0,0,0,2,0,0,0,2,0,1,1,0,0,0,0,0,0,0,0,0,1,0,0,0
Parkinson,Cyanide_induced_parkinsonism_dystonia,0,1,0,0,0,0,0,1,0,3,0,0,1,1,3,0,0,0,0,0,0,0,3,0,1,0,0,0
Parkinson,Dystonia_parkinsonism_hypermanganesemia_syndrome,0,0,0,0,0,0,0,0,0,1,0,3,2,1,2,0,0,0,0,0,0,0,1,0,0,0,0,1
Parkinson,Hemiparkinsonism_hemiatrophy_syndrome,0,0,0,0,0,0,0,0,0,0,1,1,1,0,1,0,0,0,0,0,0,0,1,0,0,0,0,1
Parkinson,Hereditary_late_onset_Parkinson_disease,0,6,2,1,0,0,0,1,0,2,0,2,0,1,3,0,0,0,0,0,0,0,1,1,1,0,0,2
Parkinson,Infantile_dystonia_parkinsonism,0,1,0,0,0,0,0,0,0,0,0,4,0,2,2,0,0,0,0,0,0,0,0,0,0,0,0,3
Parkinson,Multiple_system_atrophy_parkinsonian_type,0,2,0,1,0,0,1,1,0,1,0,2,0,1,1,0,0,0,0,0,0,0,1,0,2,0,0,3
Parkinson,Parkinsonian_pyramidal_syndrome,0,1,2,1,0,0,0,1,0,1,0,2,1,2,2,0,0,0,0,0,0,0,1,1,1,0,0,0
Parkinson,Postencephalitic_parkinsonism,0,2,1,1,0,1,0,3,0,0,0,1,1,2,1,0,0,0,1,0,1,0,3,0,2,0,1,1
Parkinson,Progressive_supranuclear_palsy_parkinsonism_syndrome,0,2,2,0,0,0,0,3,0,1,0,1,0,1,1,0,0,0,0,0,0,0,1,0,0,0,0,0
Parkinson,Rapid_onset_dystonia_parkinsonism,0,2,0,0,0,0,0,0,0,0,0,3,0,0,2,0,0,0,0,0,0,0,2,0,1,0,0,1
Parkinson,X_linked_dystonia_parkinsonism,0,0,0,0,0,0,0,0,0,2,0,5,0,1,1,0,0,0,0,0,0,0,0,0,2,0,0,0
Parkinson,X_linked_parkinsonism_spasticity_syndrome,0,0,0,0,0,0,0,0,0,0,0,0,2,2,1,0,0,0,0,0,0,0,0,0,1,0,0,0
Parkinson,Young_onset_Parkinson_disease,0,8,3,2,0,0,0,1,0,1,0,2,1,2,0,0,0,0,0,0,0,0,0,0,0,1,0,5
spastic_paraplegia,Autosomal_dominant_spastic_paraplegia_type_10,1,0,2,0,0,1,0,0,0,0,0,0,3,0,1,0,0,0,0,0,3,0,0,2,0,0,1,0
spastic_paraplegia,Autosomal_dominant_spastic_paraplegia_type_12,1,0,0,0,1,0,0,0,0,0,0,0,3,0,0,0,0,0,0,0,2,0,0,3,0,0,1,2
spastic_paraplegia,Autosomal_dominant_spastic_paraplegia_type_13,0,0,0,0,0,1,0,0,0,0,0,0,2,0,0,0,0,0,0,0,1,0,0,3,0,0,1,0
spastic_paraplegia,Autosomal_dominant_spastic_paraplegia_type_17,1,0,0,0,0,0,0,0,0,0,0,0,1,0,0,0,0,0,2,0,1,0,0,0,1,0,3,0
spastic_paraplegia,Autosomal_dominant_spastic_paraplegia_type_19,1,0,0,0,1,0,0,0,0,0,0,0,3,0,0,0,0,0,0,0,2,0,0,1,0,0,1,2
spastic_paraplegia,Autosomal_dominant_spastic_paraplegia_type_29,0,0,0,0,0,1,0,0,0,0,0,0,3,0,0,0,0,0,0,0,2,0,0,0,0,0,0,0
spastic_paraplegia,Autosomal_dominant_spastic_paraplegia_type_3,1,0,0,0,0,0,0,0,0,2,0,0,2,2,0,0,0,0,0,0,2,0,1,1,0,0,0,1
spastic_paraplegia,Autosomal_dominant_spastic_paraplegia_type_31,1,0,0,0,0,0,0,0,0,0,0,0,3,1,0,0,0,0,0,0,2,0,1,0,0,0,2,0
spastic_paraplegia,Autosomal_dominant_spastic_paraplegia_type_36,0,0,1,0,0,0,0,1,0,0,0,0,1,0,0,0,0,0,0,0,3,0,0,2,0,0,2,1
spastic_paraplegia,Autosomal_dominant_spastic_paraplegia_type_37,0,0,0,0,0,0,0,0,0,0,0,0,3,0,0,0,0,0,0,0,1,0,0,1,0,0,1,0
spastic_paraplegia,Autosomal_dominant_spastic_paraplegia_type_38,4,0,2,0,0,0,0,0,0,0,0,0,1,0,0,0,0,0,0,0,1,0,0,1,0,0,3,0
spastic_paraplegia,Autosomal_dominant_spastic_paraplegia_type_4,1,0,1,0,1,0,0,0,0,0,0,0,3,1,0,0,0,0,0,0,0,0,1,2,0,0,1,0
spastic_paraplegia,Autosomal_dominant_spastic_paraplegia_type_41,1,0,0,0,0,0,0,0,0,0,0,0,1,0,0,0,0,0,0,0,0,0,0,1,0,0,2,0
spastic_paraplegia,Autosomal_dominant_spastic_paraplegia_type_42,1,0,0,0,0,0,0,0,0,0,0,0,2,1,0,0,0,0,0,0,1,0,0,0,0,0,1,0
spastic_paraplegia,Autosomal_dominant_spastic_paraplegia_type_6,1,0,0,0,0,0,0,0,0,0,0,0,1,0,0,0,0,0,0,0,1,0,0,1,1,0,0,0
spastic_paraplegia,Autosomal_dominant_spastic_paraplegia_type_73,1,0,1,0,0,0,0,0,0,0,0,0,1,0,0,0,0,0,0,0,1,0,0,2,0,0,0,0
spastic_paraplegia,Autosomal_dominant_spastic_paraplegia_type_8,1,0,0,0,2,0,0,0,0,0,0,0,2,0,0,0,0,0,0,0,1,0,0,2,0,0,1,0
spastic_paraplegia,Autosomal_dominant_spastic_paraplegia_type_9A,0,1,2,0,0,1,0,1,0,1,1,0,2,1,0,0,0,0,2,0,2,0,1,2,0,0,1,2
spastic_paraplegia,Autosomal_dominant_spastic_paraplegia_type_9B,0,0,2,0,0,0,0,0,0,1,0,1,2,0,0,1,0,0,0,0,0,0,0,0,1,0,0,0
spastic_paraplegia,Autosomal_recessive_complex_spastic_paraplegia_due_to_Kennedy_pathway_dysfunction,0,0,1,0,0,0,0,0,0,0,0,0,2,0,0,0,0,0,0,0,0,0,0,0,0,2,0,1
spastic_paraplegia,Autosomal_recessive_spastic_paraplegia_type_11,2,3,4,0,1,0,0,3,0,1,0,0,1,0,1,0,0,0,0,0,0,0,1,0,0,1,1,2
spastic_paraplegia,Autosomal_recessive_spastic_paraplegia_type_14,0,0,1,0,0,0,0,0,0,0,0,0,1,1,0,0,0,0,0,0,0,0,0,0,0,0,0,0
spastic_paraplegia,Autosomal_recessive_spastic_paraplegia_type_15,1,0,3,0,0,0,0,3,0,0,0,0,1,1,0,0,0,0,0,0,1,0,1,0,1,0,2,1
spastic_paraplegia,Autosomal_recessive_spastic_paraplegia_type_18,0,0,0,0,0,0,0,2,0,1,0,0,3,1,0,0,0,0,0,0,1,0,0,0,1,0,1,0
spastic_paraplegia,Autosomal_recessive_spastic_paraplegia_type_20,2,5,1,1,0,0,0,0,0,0,0,0,2,1,0,0,0,0,0,0,1,0,4,1,0,1,1,4
spastic_paraplegia,Autosomal_recessive_spastic_paraplegia_type_21,0,1,4,0,0,0,0,0,0,0,0,0,1,1,0,0,0,0,0,0,0,0,1,0,0,0,1,0
spastic_paraplegia,Autosomal_recessive_spastic_paraplegia_type_23,0,0,0,0,0,0,0,0,0,1,0,0,1,0,0,0,0,0,0,0,0,3,0,2,0,0,0,1
spastic_paraplegia,Autosomal_recessive_spastic_paraplegia_type_24,0,0,0,0,0,1,0,0,0,1,0,0,2,1,0,0,0,0,0,0,0,0,0,0,0,0,0,0
spastic_paraplegia,Autosomal_recessive_spastic_paraplegia_type_25,0,0,0,0,0,0,0,0,0,0,0,0,0,0,0,0,0,0,3,0,1,0,0,0,0,0,0,0
spastic_paraplegia,Autosomal_recessive_spastic_paraplegia_type_26,1,0,0,0,0,0,0,0,0,0,0,2,1,0,0,1,0,0,0,0,0,0,0,0,0,1,1,0
spastic_paraplegia,Autosomal_recessive_spastic_paraplegia_type_27,0,0,0,0,1,1,0,0,0,0,0,0,1,0,0,0,0,0,0,0,0,0,1,1,0,0,0,0
spastic_paraplegia,Autosomal_recessive_spastic_paraplegia_type_28,0,0,0,0,0,0,0,0,0,1,0,0,1,1,0,0,0,0,0,0,0,0,0,0,0,0,1,0
spastic_paraplegia,Autosomal_recessive_spastic_paraplegia_type_32,0,0,1,0,0,0,0,0,0,0,0,0,1,0,0,0,0,0,0,0,1,0,0,0,0,0,0,0
spastic_paraplegia,Autosomal_recessive_spastic_paraplegia_type_35,0,0,2,0,2,0,0,2,0,1,0,1,2,1,1,0,0,0,0,0,0,0,1,3,0,1,2,1
spastic_paraplegia,Autosomal_recessive_spastic_paraplegia_type_39,1,0,0,0,0,0,0,0,0,0,0,0,1,0,0,0,0,0,0,0,0,0,0,0,0,0,0,0
spastic_paraplegia,Autosomal_recessive_spastic_paraplegia_type_43,1,0,0,0,1,0,0,0,0,0,0,0,2,1,0,1,0,0,0,0,1,0,0,0,0,0,1,1
spastic_paraplegia,Autosomal_recessive_spastic_paraplegia_type_44,0,0,0,0,1,1,0,1,0,0,0,0,0,0,0,0,0,0,0,0,0,0,1,1,0,0,0,0
spastic_paraplegia,Autosomal_recessive_spastic_paraplegia_type_45,0,0,0,0,0,0,0,1,0,0,0,0,1,0,0,0,0,0,0,0,0,0,0,0,0,2,0,0
spastic_paraplegia,Autosomal_recessive_spastic_paraplegia_type_46,0,0,2,0,2,1,0,2,0,1,0,0,1,0,0,0,0,0,0,0,0,0,0,1,1,1,0,2
spastic_paraplegia,Autosomal_recessive_spastic_paraplegia_type_48,0,0,1,0,1,0,0,0,0,1,0,1,1,0,1,0,0,0,0,0,0,0,0,2,0,0,1,0
spastic_paraplegia,Autosomal_recessive_spastic_paraplegia_type_53,0,0,0,0,0,1,0,0,0,0,0,1,2,0,0,0,0,0,0,0,2,0,0,0,0,0,0,1
spastic_paraplegia,Autosomal_recessive_spastic_paraplegia_type_54,0,0,0,0,0,0,0,1,0,1,0,0,0,0,0,0,0,0,0,0,0,0,1,0,0,0,0,1
spastic_paraplegia,Autosomal_recessive_spastic_paraplegia_type_55,1,0,2,0,1,0,0,2,0,0,1,0,1,1,0,0,0,0,0,0,1,0,0,0,0,3,4,0
spastic_paraplegia,Autosomal_recessive_spastic_paraplegia_type_56,0,0,1,0,0,0,0,0,0,2,0,1,1,0,0,0,0,0,0,0,0,0,0,0,0,0,0,0
spastic_paraplegia,Autosomal_recessive_spastic_paraplegia_type_57,1,0,0,0,0,0,0,0,0,1,0,0,0,1,0,0,0,0,0,0,0,0,0,0,0,1,0,0
spastic_paraplegia,Autosomal_recessive_spastic_paraplegia_type_59,0,0,0,0,0,0,0,1,0,0,0,0,2,1,0,0,0,0,0,0,0,0,0,0,0,0,0,0
spastic_paraplegia,Autosomal_recessive_spastic_paraplegia_type_5A,1,0,0,0,2,1,0,1,0,0,0,0,1,0,0,0,0,0,0,0,1,0,1,0,0,1,2,0
spastic_paraplegia,Autosomal_recessive_spastic_paraplegia_type_60,0,0,1,0,0,0,0,1,0,0,0,0,0,1,0,0,0,0,0,0,1,0,0,0,0,0,0,0
spastic_paraplegia,Autosomal_recessive_spastic_paraplegia_type_61,0,0,0,0,0,0,0,0,0,0,0,0,1,1,0,0,0,0,0,0,0,0,0,0,0,0,0,0
spastic_paraplegia,Autosomal_recessive_spastic_paraplegia_type_62,1,0,0,0,0,0,0,0,0,1,0,0,2,0,0,1,0,0,1,0,0,0,1,0,0,0,0,0
spastic_paraplegia,Autosomal_recessive_spastic_paraplegia_type_63,1,0,0,0,0,0,0,0,0,0,0,0,1,2,0,0,0,0,0,0,0,0,0,0,0,0,0,2
spastic_paraplegia,Autosomal_recessive_spastic_paraplegia_type_64,0,1,0,0,0,0,0,0,0,0,0,0,0,1,0,1,0,0,0,0,0,0,1,0,0,0,0,0
spastic_paraplegia,Autosomal_recessive_spastic_paraplegia_type_66,1,0,0,0,0,0,0,0,0,0,0,0,0,1,0,1,0,0,0,0,1,0,0,0,0,0,0,0
spastic_paraplegia,Autosomal_recessive_spastic_paraplegia_type_67,1,0,1,0,0,0,0,0,0,0,0,0,1,0,0,0,0,0,0,0,0,0,0,0,1,0,0,0
spastic_paraplegia,Autosomal_recessive_spastic_paraplegia_type_69,0,0,1,0,0,1,0,0,0,0,0,0,0,0,0,0,0,0,0,0,0,0,0,0,1,1,0,0
spastic_paraplegia,Autosomal_recessive_spastic_paraplegia_type_70,0,0,1,0,0,0,0,0,0,0,0,0,0,0,0,0,0,0,0,0,0,0,0,0,1,0,0,0
spastic_paraplegia,Autosomal_recessive_spastic_paraplegia_type_71,0,0,1,0,0,0,0,0,0,0,0,0,1,0,0,0,0,0,0,0,0,0,0,0,1,0,0,0
spastic_paraplegia,Autosomal_recessive_spastic_paraplegia_type_74,1,0,0,0,0,0,0,0,0,0,0,0,1,0,0,1,0,0,0,0,1,0,0,0,0,3,0,0
spastic_paraplegia,Autosomal_recessive_spastic_paraplegia_type_75,1,0,0,0,1,0,0,1,0,0,0,0,0,1,0,1,0,0,0,0,1,0,0,0,1,3,0,1
spastic_paraplegia,Autosomal_recessive_spastic_paraplegia_type_76,1,0,0,0,2,0,0,1,0,0,0,0,3,0,0,0,0,0,0,0,0,0,1,0,0,0,1,1
spastic_paraplegia,Autosomal_recessive_spastic_paraplegia_type_77,1,0,0,1,0,1,0,1,0,1,0,3,1,0,0,0,0,0,0,0,0,0,1,3,1,0,1,3
spastic_paraplegia,Autosomal_recessive_spastic_paraplegia_type_78,1,1,2,0,0,0,0,3,0,0,0,1,1,0,0,0,0,0,0,0,0,0,1,1,0,0,0,0
spastic_paraplegia,Autosomal_recessive_spastic_paraplegia_type_9B,1,0,1,0,0,0,0,0,0,1,1,0,2,1,0,1,0,0,0,0,0,0,2,2,1,0,1,3
spastic_paraplegia,Autosomal_spastic_paraplegia_type_30,1,0,0,0,1,0,0,1,0,1,0,0,1,0,0,0,0,0,0,0,1,0,0,0,0,0,0,0
spastic_paraplegia,Autosomal_spastic_paraplegia_type_58,2,0,1,0,2,0,0,1,0,3,0,3,3,1,0,0,0,0,0,0,0,0,1,0,2,1,0,1
spastic_paraplegia,Autosomal_spastic_paraplegia_type_72,0,0,2,0,0,0,0,0,0,0,0,0,0,1,0,0,0,0,0,0,0,0,0,1,1,0,0,0
spastic_paraplegia,Kyphoscoliosis_lateral_tongue_atrophy_hereditary_spastic_paraplegia_syndrome,1,0,0,0,0,0,0,0,0,1,0,0,1,0,0,0,0,0,0,0,0,0,0,0,0,0,0,0
spastic_paraplegia,Macrocephaly_spastic_paraplegia_dysmorphism_syndrome,0,0,0,0,0,0,0,0,0,0,5,0,1,1,0,0,0,1,0,0,0,1,0,0,0,1,0,1
spastic_paraplegia,MT_ATP6_related_mitochondrial_spastic_paraplegia,0,0,0,0,0,0,0,0,0,0,0,0,1,0,0,0,0,0,1,0,1,0,0,0,0,1,0,1
spastic_paraplegia,Mutilating_hereditary_sensory_neuropathy_with_spastic_paraplegia,1,0,0,0,0,0,0,0,0,0,0,0,2,1,0,0,0,0,0,0,0,0,0,0,0,0,0,0
spastic_paraplegia,Spastic_paraplegia_type_2,0,0,0,0,1,0,0,1,0,0,0,0,1,1,0,0,0,0,0,0,1,0,1,2,0,1,1,0
spastic_paraplegia,Spastic_paraplegia_type_7,0,1,2,0,0,0,0,2,0,0,0,0,1,1,0,0,0,0,1,0,1,0,2,1,0,2,2,0
spastic_paraplegia,Spastic_paraplegia_facial_cutaneous_lesions_syndrome,0,0,0,0,0,0,0,0,0,0,0,0,1,1,0,0,0,0,0,0,0,1,1,0,0,0,0,0
spastic_paraplegia,Spastic_paraplegia_nephritis_deafness_syndrome,0,0,0,0,0,1,0,0,0,0,0,0,1,1,0,0,0,0,0,0,0,0,1,0,0,0,0,2
spastic_paraplegia,Spastic_paraplegia_neuropathy_poikiloderma_syndrome,1,0,0,0,0,0,0,0,0,0,0,0,0,0,0,0,0,0,0,0,0,1,0,0,0,0,0,0
spastic_paraplegia,Spastic_paraplegia_optic_atrophy_neuropathy_syndrome,2,0,0,0,0,0,1,1,0,0,0,0,1,0,0,1,0,0,0,0,1,0,1,0,0,2,0,0
spastic_paraplegia,Spastic_paraplegia_Paget_disease_of_bone_syndrome,0,0,0,0,0,0,0,0,0,0,1,0,1,0,0,0,0,0,2,0,0,0,0,0,0,0,1,0
spastic_paraplegia,Spastic_paraplegia_precocious_puberty_syndrome,0,0,1,0,0,0,0,0,0,0,0,0,1,0,0,0,0,0,0,0,0,0,1,0,0,0,0,0
spastic_paraplegia,Spastic_paraplegia_severe_developmental_delay_epilepsy_syndrome,1,0,0,0,1,1,0,1,0,2,0,1,0,1,0,0,0,0,0,0,0,0,1,1,0,3,0,4
spastic_paraplegia,X_linked_complicated_spastic_paraplegia_type_1,0,0,4,0,1,0,0,0,0,0,0,0,0,0,0,0,0,0,0,0,0,0,0,0,0,0,1,0
spastic_paraplegia,X_linked_spastic_paraplegia_type_16,0,0,1,0,0,0,0,1,0,0,0,0,0,0,0,0,0,0,0,0,0,0,0,0,0,1,0,1
spastic_paraplegia,X_linked_spastic_paraplegia_type_34,0,0,0,0,0,0,0,0,0,1,0,0,3,0,0,0,0,0,1,0,1,0,0,0,0,0,0,0